-99.67,547
-99.59,547
-99.49,547
-99.41,547
-99.3,548
-99.18,548
-99.08,548
-98.9,548
-98.75,548
-98.63,548
-98.46,548
-98.32,548
-98.13,548
-97.94,548
-97.78,548
-97.57,549
-97.34,549
-97.17,548
-96.93,548
-96.61,548
-96.42,548
-96.15,548
-95.87,548
-95.65,548
-95.35,548
-95.05,548
-94.81,548
-94.49,548
-94.24,548
-93.9,548
-93.47,548
-93.2,548
-92.83,548
-92.45,548
-92.16,548
-91.77,548
-91.37,548
-91.06,548
-90.64,548
-90.22,548
-89.89,547
-89.45,547
-89,547
-88.54,547
-88.07,547
-87.71,547
-87.23,546
-86.73,546
-86.36,546
-85.85,545
-85.33,545
-84.94,545
-84.41,545
-83.73,544
-83.32,544
-82.76,545
-82.19,545
-81.76,545
-81.18,544
-80.6,545
-80.15,545
-79.55,545
-79.09,545
-78.48,545
-77.85,545
-77.22,544
-76.58,545
-75.93,544
-75.44,544
-74.78,543
-74.12,543
-73.61,543
-72.93,543
-72.24,542
-71.72,542
-71.02,542
-70.14,542
-69.6,541
-68.88,541
-68.15,540
-67.6,540
-66.86,540
-66.11,539
-65.55,539
-64.79,539
-64.02,539
-63.45,539
-62.47,538
-61.69,538
-61.1,538
-60.3,538
-59.7,537
-58.9,538
-58.09,538
-57.47,538
-56.65,538
-55.83,538
-55.2,538
-54.37,538
-53.31,537
-52.68,537
-51.82,537
-50.97,536
-50.32,536
-49.45,536
-48.58,535
-47.92,535
-47.04,535
-46.38,535
-45.49,534
-44.38,534
-43.7,534
-42.8,533
-41.9,533
-41.21,532
-40.3,532
-39.38,532
-38.69,532
-37.77,531
-36.84,531
-36.14,531
-35.21,530
-34.04,530
-33.33,530
-32.39,530
-31.67,529
-30.72,529
-29.77,529
-29.05,528
-28.1,528
-27.14,528
-26.41,527
-25.45,527
-24.24,527
-23.51,527
-22.53,526
-21.56,526
-20.83,526
-19.85,526
-18.87,525
-18.13,525
-17.14,525
-16.16,525
-15.42,525
-14.18,524
-13.44,524
-12.45,524
-11.45,523
-10.71,523
-9.71,523
-8.72,522
-7.97,522
-6.97,522
-5.98,522
-5.23,521
-4.23,521
-3.23,521
-2.23,520
-1.23,520
-0.48,520
0.52,519
1.52,519
2.27,519
3.27,519
4.02,519
5.02,519
5.77,519
6.77,519
8.01,519
8.76,519
9.75,519
10.5,519
11.49,519
12.49,519
13.23,518
14.22,518
15.21,518
15.95,517
16.94,517
18.17,517
18.91,517
19.89,516
20.62,516
21.6,516
22.57,516
23.3,515
24.28,515
25.24,515
25.97,514
26.93,514
28.14,514
28.85,513
29.81,513
30.53,513
31.48,513
32.42,512
33.13,512
34.07,512
35.01,511
35.71,511
36.65,511
37.57,510
38.5,510
39.42,510
40.11,509
41.02,509
41.93,509
42.61,508
43.51,508
44.41,508
45.08,508
45.97,507
46.86,507
47.74,507
48.62,507
49.27,506
50.14,506
51,506
51.65,505
52.5,505
53.35,505
53.98,504
54.82,504
55.65,504
56.27,504
57.3,503
57.92,503
58.73,503
59.54,503
60.14,502
60.93,502
61.72,502
62.31,502
63.09,502
63.86,501
64.44,501
65.39,501
65.95,501
66.7,500
67.44,500
68,500
68.73,500
69.45,499
69.99,499
70.7,499
71.4,499
71.92,499
72.61,498
73.47,498
73.98,498
74.64,498
75.14,497
75.8,497
76.45,497
76.93,497
77.56,497
78.19,496
78.66,496
79.27,496
80.02,496
80.47,495
81.06,495
81.5,495
82.07,495
82.64,495
83.06,495
83.61,494
84.16,494
84.56,494
85.09,494
85.61,494
86.12,493
86.63,493
87,493
87.49,493
87.97,493
88.32,493
88.79,493
89.24,492
89.58,492
90.02,492
90.34,492
90.87,492
91.28,492
91.59,492
91.99,492
92.37,492
92.66,492
93.03,492
93.39,492
93.66,492
94,492
94.26,492
94.58,492
94.98,492
95.22,492
95.52,492
95.81,493
96.02,492
96.29,492
96.49,492
96.75,492
97,492
97.18,492
97.41,492
97.68,492
97.84,492
98.04,492
98.19,492
98.37,492
98.55,492
98.67,491
98.83,492
98.98,493
99.08,491
99.21,491
99.36,491
99.44,491
99.54,491
99.61,491
99.7,491
99.77,491
99.82,491
99.87,491
99.92,491
99.95,491
99.97,491
99.99,491
100,491
100,491
99.99,491
99.97,491
99.94,491
99.91,491
99.87,491
99.81,491
99.76,492
99.68,491
99.6,490
99.53,490
99.4,490
99.29,490
99.2,490
99.06,490
98.96,490
98.81,490
98.65,490
98.53,490
98.35,490
98.16,490
98.02,490
97.76,490
97.55,490
97.38,490
97.15,490
96.97,490
96.72,491
96.46,490
96.26,490
95.98,490
95.7,490
95.48,490
95.1,490
94.78,490
94.54,490
94.21,490
93.96,490
93.61,490
93.25,490
92.98,490
92.61,490
92.23,490
91.93,490
91.54,490
91.03,490
90.71,490
90.29,490
89.96,490
89.52,490
89.07,490
88.73,491
88.26,490
87.79,490
87.42,490
86.94,490
86.31,490
85.93,490
85.41,490
84.89,490
84.49,490
83.95,490
83.54,491
82.99,491
82.43,491
82,491
81.42,491
80.84,491
80.24,491
79.64,491
79.04,492
78.57,492
77.95,492
77.48,492
76.84,493
76.2,493
75.71,493
75.05,493
74.39,494
73.72,494
73.04,494
72.35,494
71.83,495
71.13,495
70.43,495
69.89,495
69.17,496
68.45,496
67.9,496
67.16,496
66.6,497
65.67,497
64.91,497
64.34,497
63.57,498
62.79,498
62.21,498
61.42,498
60.63,499
60.03,499
59.23,499
58.42,499
57.61,500
56.78,500
56.17,500
55.34,501
54.5,501
53.87,501
53.02,501
52.17,502
51.53,502
50.67,502
49.81,502
49.16,503
48.06,503
47.19,503
46.52,504
45.63,504
44.97,504
44.07,504
43.17,505
42.49,505
41.59,505
40.67,505
39.99,506
38.84,506
37.92,506
37.22,507
36.29,507
35.36,507
34.65,507
33.72,508
33.01,508
32.06,509
31.11,508
30.4,508
29.21,508
28.25,508
27.53,509
26.57,509
25.6,509
24.87,509
23.91,510
22.93,510
22.2,510
21.23,511
20.25,511
19.51,511
18.29,512
17.55,512
16.56,512
15.58,513
14.83,513
13.84,513
12.85,514
12.11,514
11.12,514
10.12,515
9.38,515
8.13,515
7.38,515
6.38,516
5.39,516
4.64,516
3.64,517
2.64,517
1.89,517
0.89,518
0.14,518
-0.86,518
-1.86,518
-2.86,519
-3.86,518
-4.61,518
-5.61,518
-6.61,518
-7.35,518
-8.35,519
-9.35,518
-10.09,518
-11.09,519
-11.83,519
-13.07,519
-14.06,519
-14.81,519
-15.79,520
-16.78,520
-17.52,520
-18.5,521
-19.49,521
-20.22,521
-21.2,521
-22.18,522
-22.91,522
-24.12,522
-24.85,522
-25.82,523
-26.78,523
-27.5,523
-28.46,524
-29.42,524
-30.14,524
-31.09,524
-32.04,525
-32.75,525
-33.92,525
-34.86,526
-35.56,526
-36.5,526
-37.2,526
-38.12,527
-39.04,527
-39.73,527
-40.65,527
-41.56,528
-42.24,528
-43.15,528
-44.27,528
-44.94,529
-45.83,529
-46.72,529
-47.38,529
-48.26,530
-48.91,530
-49.78,530
-50.65,530
-51.29,531
-52.15,531
-53.21,531
-53.85,531
-54.69,532
-55.52,532
-56.14,532
-56.97,532
-57.79,532
-58.4,533
-59.21,533
-60.01,533
-60.61,534
-61.6,534
-62.19,534
-62.97,535
-63.74,536
-64.32,536
-65.08,536
-65.83,537
-66.4,537
-67.14,537
-67.88,537
-68.43,538
-69.15,538
-70.05,538
-70.58,538
-71.29,539
-71.99,539
-72.51,539
-73.19,539
-73.7,539
-74.37,539
-75.04,540
-75.53,540
-76.18,540
-76.99,540
-77.46,540
-78.09,541
-78.71,541
-79.17,541
-79.78,541
-80.38,541
-80.82,541
-81.41,542
-81.84,542
-82.41,542
-82.97,542
-83.53,542
-84.07,542
-84.61,542
-85.01,543
-85.53,543
-86.04,543
-86.42,543
-86.92,543
-87.29,543
-87.77,544
-88.25,543
-88.71,543
-89.17,543
-89.62,543
-89.95,544
-90.38,544
-90.81,544
-91.12,544
-91.52,544
-91.92,544
-92.22,544
-92.6,544
-93.06,544
-93.33,544
-93.69,545
-93.95,544
-94.29,545
-94.61,544
-94.85,544
-95.17,545
-95.47,545
-95.69,545
-95.97,545
-96.25,545
-96.52,545
-96.77,546
-97.02,546
-97.2,545
-97.43,546
-97.65,546
-97.81,546
-98.01,546
-98.16,546
-98.35,546
-98.52,547
-98.65,547
-98.84,547
-98.99,547
-99.09,547
-99.22,547
-99.34,547
-99.43,547
-99.53,547
-99.6,547
-99.68,547
-99.76,547
-99.81,547
-99.88,547
-99.92,547
-99.95,547
-99.98,547
-99.99,547
-100,547
-100,548
-99.99,548
-99.97,548
-99.95,548
-99.92,548
-99.86,549
-99.8,549
-99.75,548
-99.68,548
-99.59,548
-99.52,548
-99.42,548
-99.31,548
-99.22,548
-99.09,548
-98.95,548
-98.83,548
-98.64,548
-98.47,548
-98.33,548
-98.15,548
-98,548
-97.8,548
-97.58,548
-97.42,548
-97.19,548
-96.95,548
-96.76,548
-96.44,548
-96.17,548
-95.96,548
-95.67,548
-95.45,548
-95.15,548
-94.83,548
-94.59,548
-94.26,547
-93.93,547
-93.67,547
-93.31,547
-92.85,547
-92.57,547
-92.19,547
-91.8,547
-91.5,547
-91.09,547
-90.78,547
-90.35,547
-89.92,547
-89.59,547
-89.14,547
-88.57,547
-88.22,546
-87.74,546
-87.26,546
-86.89,545
-86.39,545
-85.88,545
-85.5,545
-84.97,545
-84.58,545
-84.04,544
-83.35,545
-82.94,545
-82.37,545
-81.8,545
-81.37,544
-80.78,545
-80.19,545
-79.74,545
-79.13,545
-78.52,545
-78.05,545
-77.42,545
-76.62,545
-76.14,544
-75.49,544
-74.83,544
-74.33,544
-73.66,544
-73.15,544
-72.46,543
-71.77,543
-71.24,543
-70.54,542
-69.65,542
-69.11,542
-68.38,541
-67.65,541
-67.09,541
-66.35,540
-65.6,540
-65.03,540
-64.27,540
-63.5,539
-62.92,539
-62.14,538
-61.15,538
-60.56,538
-59.76,537
-58.95,537
-58.35,537
-57.53,537
-56.92,536
-56.09,537
-55.26,537
-54.63,537
-53.79,537
-52.74,537
-52.1,537
-51.24,537
-50.38,536
-49.73,536
-48.86,536
-47.98,535
-47.33,535
-46.44,535
-45.55,535
-44.89,534
-43.99,534
-42.86,533
-42.18,533
-41.28,533
-40.59,533
-39.68,532
-38.76,532
-38.06,532
-37.14,531
-36.21,531
-35.51,531
-34.57,530
-33.39,530
-32.69,530
-31.74,529
-30.79,529
-30.08,529
-29.12,529
-28.16,528
-27.44,528
-26.48,528
-25.75,527
-24.79,527
-23.57,527
-22.84,527
-21.87,526
-20.89,526
-20.16,526
-19.18,525
-18.2,525
-17.46,525
-16.47,524
-15.49,525
-14.74,525
-13.75,524
-12.52,524
-11.77,523
-10.78,523
-9.78,522
-9.04,522
-8.04,522
-7.04,522
-6.29,521
-5.3,521
-4.55,521
-3.55,521
-2.3,520
-1.55,520
-0.55,520
0.2,519
1.2,519
2.2,519
2.95,519
3.95,519
4.7,519
5.7,519
6.7,519
7.44,519
8.69,519
9.44,519
10.43,519
11.43,519
12.17,519
13.16,518
14.15,518
14.9,518
15.88,517
16.62,517
17.61,517
18.84,517
19.57,517
20.55,516
21.53,516
22.26,516
23.24,515
24.21,515
24.94,515
25.9,514
26.87,514
27.59,514
28.55,513
29.51,513
30.46,513
31.41,513
32.12,512
33.07,512
34.01,512
34.71,511
35.65,511
36.58,511
37.28,511
38.21,510
39.13,510
40.05,510
40.96,509
41.64,509
42.55,509
43.45,508
44.13,508
45.02,508
45.91,507
46.58,507
47.46,507
48.12,507
49.21,507
50.08,506
50.73,506
51.59,506
52.44,506
53.08,505
53.92,505
54.76,505
55.39,504
56.22,504
56.84,504
57.86,504
58.67,504
59.28,503
60.08,503
60.88,503
61.47,503
62.26,502
63.04,502
63.62,502
64.38,502
64.96,501
65.71,501
66.65,501
67.21,500
67.95,500
68.68,500
69.22,500
69.94,500
70.65,499
71.18,499
71.88,499
72.57,499
73.08,499
73.93,498
74.43,498
75.1,498
75.75,498
76.24,498
76.88,497
77.52,497
77.99,497
78.61,497
79.23,497
79.68,496
80.43,496
80.87,496
81.46,496
82.03,495
82.46,495
83.02,495
83.58,495
83.99,495
84.52,495
84.92,494
85.45,494
85.96,494
86.47,494
86.97,494
87.46,493
87.82,494
88.29,494
88.76,494
89.1,493
89.55,493
89.99,493
90.31,493
90.74,493
91.05,492
91.56,492
91.96,492
92.25,492
92.63,492
93,492
93.28,491
93.63,491
93.89,491
94.23,491
94.56,491
94.8,490
95.19,491
95.5,491
95.72,490
96,490
96.28,490
96.48,490
96.73,490
96.92,490
97.16,489
97.39,490
97.56,490
97.83,490
98.03,490
98.18,489
98.36,489
98.54,489
98.66,489
98.82,489
98.93,489
99.07,489
99.2,489
99.3,489
99.41,489
99.54,489
99.61,489
99.69,489
99.75,490
99.81,489
99.87,489
99.9,489
99.94,489
99.97,489
99.99,489
100,489
100,489
99.99,489
99.97,488
99.94,489
99.92,489
99.87,489
99.83,489
99.76,489
99.69,489
99.63,489
99.54,489
99.44,489
99.33,489
99.2,489
99.07,489
98.97,489
98.82,489
98.7,489
98.54,489
98.36,489
98.22,489
98.03,489
97.83,489
97.62,489
97.4,489
97.16,489
96.98,489
96.74,489
96.54,489
96.28,489
96,489
95.79,489
95.5,489
95.2,489
94.96,489
94.56,489
94.23,489
93.98,488
93.63,489
93.37,489
93.01,489
92.63,489
92.35,489
91.96,489
91.56,489
91.26,489
90.74,489
90.32,489
89.99,489
89.55,489
89.21,489
88.76,489
88.29,490
87.94,490
87.46,490
86.97,490
86.6,491
86.09,491
85.45,491
85.06,491
84.53,491
83.99,491
83.58,492
83.03,492
82.61,492
82.04,492
81.46,492
81.02,492
80.43,492
79.69,493
79.23,493
78.62,493
77.99,493
77.52,494
76.89,494
76.24,494
75.76,494
75.1,494
74.6,495
73.93,495
73.09,495
72.57,495
71.88,496
71.18,496
70.65,496
69.94,496
69.22,496
68.68,497
67.95,497
67.21,497
66.66,497
65.91,498
65.15,498
64.39,498
63.62,498
63.04,499
62.26,499
61.48,499
60.88,499
60.09,500
59.28,500
58.68,500
57.87,500
57.05,501
56.22,501
55.39,501
54.77,501
53.93,502
53.08,502
52.45,502
51.59,502
50.73,503
50.08,503
49.22,503
48.34,503
47.47,504
46.58,503
45.7,503
45.03,504
44.13,503
43.46,503
42.56,504
41.65,504
40.97,504
40.05,504
39.13,505
38.21,505
37.28,505
36.35,506
35.66,506
34.72,506
33.78,506
33.07,507
32.13,507
31.42,507
30.47,508
29.51,508
28.79,508
27.59,509
26.63,509
25.91,509
24.94,510
23.97,510
23.24,510
22.27,511
21.29,511
20.56,511
19.58,512
18.84,512
17.62,512
16.63,512
15.89,513
14.9,513
13.91,514
13.17,514
12.18,514
11.18,514
10.44,514
9.44,515
8.45,515
7.7,515
6.45,516
5.7,516
4.71,516
3.71,517
2.96,517
1.96,517
1.21,518
0.21,518
-0.79,518
-1.54,518
-2.54,518
-3.54,518
-4.54,518
-5.54,518
-6.29,518
-7.29,518
-8.03,518
-9.03,518
-10.03,518
-10.77,519
-11.77,519
-12.76,519
-13.5,519
-14.74,520
-15.73,520
-16.47,520
-17.45,520
-18.19,521
-19.17,521
-20.15,521
-20.89,521
-21.86,522
-22.84,522
-23.57,522
-24.78,523
-25.75,523
-26.47,523
-27.44,523
-28.4,524
-29.11,524
-30.07,524
-31.02,525
-31.73,525
-32.68,525
-33.39,526
-34.56,526
-35.5,526
-36.2,526
-37.13,526
-38.06,527
-38.75,527
-39.67,527
-40.59,527
-41.27,528
-42.18,528
-43.08,528
-43.76,529
-44.88,529
-45.77,529
-46.44,529
-47.32,530
-47.98,530
-48.85,530
-49.73,531
-50.37,531
-51.24,531
-52.09,531
-52.73,531
-53.79,532
-54.63,532
-55.26,532
-56.09,533
-56.91,533
-57.53,533
-58.34,533
-58.95,533
-59.75,533
-60.55,533
-61.15,534
-61.94,534
-62.91,534
-63.49,534
-64.26,535
-65.03,535
-65.59,535
-66.35,536
-67.09,536
-67.64,536
-68.38,536
-68.92,536
-69.64,536
-70.54,536
-71.07,537
-71.77,537
-72.46,537
-72.97,537
-73.65,537
-74.33,538
-74.83,538
-75.49,538
-75.97,538
-76.62,538
-77.26,539
-77.89,539
-78.51,539
-79.13,540
-79.59,540
-80.19,541
-80.78,541
-81.22,541
-81.8,542
-82.37,542
-82.79,542
-83.35,542
-84.03,542
-84.44,542
-84.97,543
-85.36,543
-85.88,544
-86.39,544
-86.76,544
-87.26,544
-87.74,544
-88.1,544
-88.57,545
-89.14,545
-89.48,545
-89.92,545
-90.35,545
-90.67,545
-91.09,546
-91.4,546
-91.8,546
-92.19,546
-92.48,546
-92.85,546
-93.22,546
-93.58,546
-93.92,546
-94.26,547
-94.51,547
-94.83,547
-95.07,547
-95.37,547
-95.67,547
-95.88,547
-96.16,547
-96.43,548
-96.69,547
-96.94,547
-97.18,548
-97.36,547
-97.58,547
-97.8,547
-97.95,547
-98.15,547
-98.29,547
-98.47,548
-98.64,548
-98.76,548
-98.95,548
-99.09,548
-99.18,548
-99.31,548
-99.42,548
-99.5,548
-99.59,548
-99.66,548
-99.73,548
-99.8,548
-99.85,548
-99.91,548
-99.95,548
-99.97,548
-99.99,548
-100,548
-100,548
-99.99,548
-99.98,548
-99.96,548
-99.92,548
-99.89,548
-99.84,548
-99.76,547
-99.7,547
-99.62,547
-99.53,547
-99.45,547
-99.34,547
-99.22,547
-99.13,547
-98.99,547
-98.85,547
-98.73,547
-98.52,547
-98.39,547
-98.21,547
-98.01,547
-97.86,547
-97.65,547
-97.43,547
-97.26,547
-97.02,546
-96.78,546
-96.58,546
-96.32,546
-95.98,546
-95.76,546
-95.47,546
-95.24,546
-94.94,546
-94.62,546
-94.37,546
-94.04,546
-93.69,546
-93.43,546
-93.06,546
-92.6,546
-92.31,546
-91.92,546
-91.53,546
-91.22,546
-90.81,546
-90.49,546
-90.06,546
-89.62,547
-89.29,547
-88.83,547
-88.25,547
-87.9,547
-87.41,547
-86.92,547
-86.55,547
-86.05,547
-85.53,547
-85.14,547
-84.61,547
-84.21,547
-83.67,547
-83.11,547
-82.55,547
-81.99,546
-81.41,546
-80.97,546
-80.38,546
-79.78,545
-79.33,545
-78.71,545
-78.09,545
-77.62,544
-76.99,544
-76.19,544
-75.7,544
-75.04,544
-74.54,543
-73.87,543
-73.19,542
-72.68,542
-71.99,542
-71.29,542
-70.77,542
-70.06,541
-69.34,541
-68.61,541
-67.88,540
-67.15,540
-66.59,540
-65.84,539
-65.08,539
-64.51,539
-63.74,539
-62.97,538
-62.39,538
-61.6,538
-60.61,538
-60.01,538
-59.21,538
-58.6,538
-57.79,538
-56.97,538
-56.35,537
-55.53,538
-54.69,538
-54.06,537
-53.22,537
-52.16,537
-51.51,536
-50.65,536
-49.79,536
-49.14,535
-48.26,535
-47.39,535
-46.72,534
-45.84,534
-44.95,534
-44.28,534
-43.38,533
-42.47,533
-41.57,533
-40.65,532
-39.97,532
-39.05,531
-38.13,531
-37.43,531
-36.5,531
-35.57,531
-34.87,530
-33.93,530
-32.75,529
-32.04,529
-31.09,529
-30.14,529
-29.42,528
-28.47,528
-27.51,528
-26.79,527
-25.82,527
-25.1,541
-24.13,528
-23.15,527
-22.18,527
-21.2,527
-20.23,526
-19.49,526
-18.51,526
-17.53,525
-16.79,525
-15.8,525
-14.81,524
-14.07,524
-13.08,524
-11.84,523
-11.09,523
-10.1,523
-9.1,522
-8.36,522
-7.36,522
-6.61,521
-5.61,521
-4.62,521
-3.87,521
-2.87,520
-1.87,520
-0.87,520
0.13,519
0.88,519
1.88,519
2.88,519
3.63,519
4.63,519
5.38,519
6.38,519
7.38,519
8.12,519
9.37,519
10.12,519
11.11,519
12.1,518
12.85,518
13.84,518
14.83,518
15.57,518
16.56,517
17.3,517
18.28,517
19.26,517
20.24,517
21.22,516
22.2,516
22.93,515
23.9,515
24.87,515
25.6,515
26.56,515
27.28,514
28.24,514
29.2,513
30.16,513
31.11,513
32.06,512
32.77,512
33.71,512
34.65,512
35.35,511
36.29,511
36.98,511
37.91,511
38.83,510
39.52,510
40.67,510
41.58,509
42.26,509
43.17,509
44.07,509
44.74,508
45.63,508
46.3,508
47.18,508
48.06,507
48.72,507
49.8,507
50.67,506
51.31,506
52.17,506
53.02,506
53.65,505
54.5,505
55.12,505
55.95,505
56.78,504
57.4,504
58.21,504
59.22,504
59.83,503
60.62,503
61.42,503
62.01,503
62.79,502
63.56,502
64.14,502
64.9,502
65.47,502
66.23,501
67.16,501
67.71,501
68.44,501
69.17,500
69.71,500
70.42,500
71.13,500
71.65,500
72.35,500
72.86,499
73.55,499
74.39,499
74.89,499
75.54,499
76.2,498
76.68,498
77.32,498
77.95,497
78.42,497
79.03,497
79.49,497
80.09,497
80.69,497
81.27,496
81.85,496
82.42,496
82.84,496
83.4,496
83.95,496
84.35,495
84.89,495
85.28,495
85.8,495
86.31,495
86.81,494
87.3,495
87.78,494
88.14,494
88.61,495
89.07,495
89.41,494
89.85,494
90.28,494
90.6,494
91.02,493
91.33,494
91.83,493
92.22,494
92.51,494
92.89,494
93.25,494
93.52,494
93.87,493
94.21,493
94.46,493
94.78,493
95.1,493
95.4,493
95.7,492
95.91,492
96.19,492
96.46,492
96.65,492
96.9,492
97.15,492
97.32,492
97.55,492
97.71,491
97.92,492
98.16,492
98.3,492
98.48,491
98.65,492
98.77,492
98.92,491
99.06,492
99.16,491
99.29,491
99.4,491
99.48,491
99.6,491
99.66,491
99.74,491
99.81,491
99.85,491
99.9,491
99.94,491
99.96,491
99.99,491
100,491
100,491
99.99,491
99.98,491
99.95,491
99.92,491
99.88,491
99.83,491
99.77,491
99.71,491
99.63,491
99.54,491
99.47,491
99.36,491
99.24,491
99.12,491
98.98,491
98.87,491
98.71,491
98.55,491
98.42,500
98.24,491
98.05,491
97.9,491
97.69,491
97.52,491
97.24,491
97,491
96.82,491
96.56,491
96.3,491
96.09,491
95.81,491
95.52,491
95.29,491
94.99,491
94.75,491
94.34,491
94,491
93.75,491
93.39,491
93.03,491
92.75,492
92.38,491
91.99,491
91.69,491
91.29,490
90.87,490
90.45,490
90.02,490
89.69,490
89.25,491
88.79,490
88.44,490
87.97,490
87.49,490
87.13,491
86.63,490
86.13,490
85.74,490
85.09,490
84.56,490
84.16,490
83.62,490
83.2,491
82.64,491
82.08,491
81.65,491
81.06,491
80.48,491
80.03,492
79.27,492
78.66,492
78.19,492
77.57,492
77.09,492
76.45,493
75.8,493
75.31,493
74.65,494
73.98,494
73.47,494
72.79,494
71.93,495
71.4,495
70.7,495
69.99,495
69.45,496
68.73,496
68,496
67.45,496
66.71,497
66.15,497
65.39,497
64.44,497
63.87,498
63.09,498
62.31,498
61.73,499
60.94,499
60.14,499
59.54,499
58.73,500
57.92,500
57.31,500
56.49,500
55.66,501
54.82,501
53.99,501
53.35,502
52.5,502
51.65,502
51.01,502
50.14,503
49.28,503
48.62,503
47.75,503
46.64,504
45.98,504
45.09,504
44.42,504
43.52,505
42.62,505
41.94,505
41.03,506
40.11,506
39.43,506
38.51,506
37.35,506
36.65,507
35.72,506
34.78,506
34.08,506
33.14,507
32.43,507
31.48,507
30.53,508
29.82,508
28.86,508
27.9,509
26.94,509
25.97,509
25.01,510
24.28,510
23.31,510
22.34,511
21.6,511
20.63,511
19.89,512
18.91,512
17.93,512
16.94,512
15.96,513
14.97,513
14.23,513
13.24,514
12.25,514
11.5,514
10.51,514
9.51,515
8.76,515
7.77,515
7.02,516
5.77,516
4.77,516
4.02,517
3.03,517
2.03,517
1.28,518
0.28,518
-0.47,518
-1.47,518
-2.47,518
-3.22,518
-4.47,518
-5.22,518
-6.22,518
-7.22,518
-7.97,518
-8.96,518
-9.71,518
-10.7,519
-11.7,519
-12.44,519
-13.43,519
-14.42,519
-15.41,520
-16.4,520
-17.14,520
-18.12,520
-19.11,521
-19.84,521
-20.82,521
-21.8,521
-22.53,522
-23.5,522
-24.47,522
-25.44,523
-26.41,523
-27.37,523
-28.09,524
-29.05,524
-30,525
-30.72,525
-31.67,525
-32.38,526
-33.32,526
-34.27,526
-34.97,526
-36.14,526
-37.07,527
-37.76,527
-38.69,527
-39.61,527
-40.3,528
-41.21,528
-42.12,528
-42.8,529
-43.7,529
-44.37,529
-45.49,530
-46.38,530
-47.04,530
-47.92,530
-48.8,530
-49.45,531
-50.31,531
-51.18,531
-51.82,532
-52.67,531
-53.52,532
-54.15,532
-55.2,532
-56.03,532
-56.65,533
-57.47,533
-58.08,533
-58.89,533
-59.7,533
-60.3,534
-61.09,534
-61.88,534
-62.47,534
-63.44,534
-64.21,535
-64.78,535
-65.54,535
-66.29,536
-66.85,536
-67.59,536
-68.14,536
-68.87,536
-69.59,536
-70.13,537
-71.02,537
-71.72,537
-72.24,537
-72.93,537
-73.61,537
-74.11,538
-74.78,538
-75.44,538
-75.93,538
-76.58,539
-77.06,539
-77.69,561
-78.47,540
-78.93,540
-79.54,540
-80.15,541
-80.59,541
-81.18,542
-81.76,542
-82.19,542
-82.76,543
-83.31,543
-83.73,543
-84.4,543
-84.93,543
-85.33,544
-85.84,544
-86.23,544
-86.73,544
-87.22,544
-87.59,544
-88.07,544
-88.53,544
-88.88,545
-89.33,545
-89.89,545
-90.22,545
-90.64,545
-91.06,545
-91.37,546
-91.77,546
-92.06,546
-92.45,546
-92.83,546
-93.1,546
-93.46,546
-93.9,546
-94.16,546
-94.49,547
-94.81,546
-95.05,546
-95.35,546
-95.65,547
-95.87,547
-96.15,547
-96.35,547
-96.61,547
-96.86,547
-97.11,547
-97.34,547
-97.57,547
-97.73,547
-97.94,547
-98.13,547
-98.27,547
-98.45,547
-98.58,548
-98.75,547
-98.9,547
-99.04,547
-99.17,547
-99.3,548
-99.38,547
-99.49,547
-99.59,547
-99.65,547
-99.73,547
-99.8,547
-99.84,547
-99.89,547
-99.93,547
-99.97,547
-99.99,547
-100,548
-100,547
-99.99,546
-99.98,546
-99.96,546
-99.92,546
-99.89,546
-99.84,546
-99.78,546
-99.71,546
-99.63,547
-99.54,547
-99.46,547
-99.35,547
-99.23,547
-99.14,547
-99,547
-98.89,547
-98.74,548
-98.58,548
-98.4,548
-98.22,548
-98.03,548
-97.88,548
-97.67,549
-97.45,549
-97.28,549
-97.04,549
-96.79,548
-96.6,548
-96.34,548
-96.07,548
-95.78,548
-95.49,548
-95.27,548
-94.96,548
-94.64,548
-94.39,548
-94.06,548
-93.71,548
-93.45,548
-93.09,548
-92.72,548
-92.34,548
-91.95,548
-91.55,548
-91.25,548
-90.84,548
-90.52,548
-90.09,548
-89.65,548
-89.32,548
-88.86,547
-88.4,547
-88.05,547
-87.45,547
-86.96,546
-86.59,546
-86.08,546
-85.57,545
-85.18,545
-84.65,545
-84.11,545
-83.7,545
-83.15,544
-82.73,544
-82.03,544
-81.45,544
-81.01,544
-80.42,544
-79.82,543
-79.37,544
-78.76,544
-78.14,544
-77.67,544
-77.03,544
-76.39,544
-75.9,544
-75.09,544
-74.42,543
-73.92,544
-73.24,544
-72.73,544
-72.04,543
-71.34,543
-70.81,542
-70.1,542
-69.39,542
-68.85,542
-67.93,542
-67.2,541
-66.64,541
-65.89,540
-65.13,540
-64.56,540
-63.8,539
-63.02,539
-62.44,539
-61.66,538
-60.86,538
-60.07,538
-59.27,537
-58.46,537
-57.85,537
-57.03,537
-56.2,536
-55.58,536
-54.75,536
-54.12,536
-53.28,536
-52.43,535
-51.79,536
-50.71,536
-49.85,536
-49.2,536
-48.32,536
-47.45,536
-46.78,535
-45.9,535
-45.01,534
-44.34,534
-43.44,534
-42.54,534
-41.63,533
-40.72,533
-40.03,532
-39.11,532
-38.19,532
-37.5,531
-36.57,531
-35.63,531
-34.93,531
-33.99,530
-33.05,530
-32.34,530
-31.16,530
-30.21,529
-29.49,529
-28.53,529
-27.57,528
-26.85,528
-25.89,528
-24.92,527
-24.19,527
-23.22,527
-22.25,526
-21.27,526
-20.29,526
-19.56,525
-18.58,525
-17.59,525
-16.85,524
-15.87,524
-14.88,524
-14.14,524
-13.15,524
-12.16,524
-11.16,523
-10.17,523
-9.17,523
-8.43,522
-7.43,522
-6.43,522
-5.68,521
-4.68,521
-3.93,521
-2.93,520
-1.94,520
-1.19,520
0.06,519
0.81,519
1.81,519
2.81,519
3.56,519
4.56,519
5.31,519
6.31,519
7.31,519
8.06,519
9.05,519
9.8,519
11.04,519
12.04,519
12.78,518
13.77,518
14.76,518
15.5,518
16.49,517
17.23,517
18.21,517
19.19,517
19.93,516
21.15,516
22.13,516
22.86,516
23.83,515
24.8,515
25.53,514
26.49,514
27.22,514
28.18,513
29.14,513
29.85,513
31.04,512
31.99,512
32.7,512
33.65,511
34.59,511
35.29,511
36.22,511
37.15,510
37.85,510
38.77,510
39.46,510
40.38,509
41.52,509
42.2,509
43.1,509
44,508
44.68,508
45.57,507
46.46,507
47.12,507
48,507
48.66,506
49.53,506
50.61,506
51.25,505
52.11,505
52.96,505
53.6,505
54.44,504
55.27,504
55.9,504
56.72,504
57.34,503
58.16,503
58.97,503
59.77,503
60.57,503
61.36,502
61.95,502
62.73,502
63.51,502
64.09,501
64.85,501
65.42,501
66.17,500
66.92,500
67.66,500
68.39,500
69.12,499
69.66,500
70.37,499
71.08,499
71.61,499
72.3,499
72.99,499
73.5,498
74.17,498
74.67,498
75.5,498
76.15,497
76.64,497
77.27,497
77.9,497
78.37,497
78.99,496
79.6,496
80.05,496
80.65,496
81.09,496
81.81,495
82.38,495
82.81,495
83.36,495
83.91,495
84.32,495
84.85,495
85.38,494
85.76,494
86.27,494
86.77,494
87.14,494
87.75,494
88.11,493
88.58,494
89.04,494
89.38,493
89.82,493
90.25,493
90.58,493
90.99,493
91.4,493
91.71,492
92.2,492
92.49,492
92.86,492
93.23,492
93.5,492
93.85,492
94.19,491
94.44,492
94.76,492
95.08,491
95.3,491
95.68,491
95.89,491
96.17,491
96.44,491
96.64,491
96.89,490
97.13,491
97.31,491
97.53,491
97.75,491
97.9,491
98.1,490
98.29,491
98.47,490
98.64,491
98.76,491
98.91,491
99.05,491
99.15,490
99.28,490
99.39,490
99.47,490
99.57,490
99.68,490
99.74,490
99.8,490
99.85,490
99.9,490
99.94,490
99.96,489
99.98,490
100,490
100,490
100,490
99.98,490
99.96,490
99.92,490
99.89,490
99.84,490
99.77,490
99.72,490
99.64,490
99.55,490
99.48,491
99.37,491
99.25,491
99.13,491
98.99,491
98.84,491
98.73,491
98.56,491
98.43,491
98.25,491
98.06,491
97.91,491
97.7,491
97.48,491
97.31,491
97.02,491
96.77,491
96.58,490
96.31,491
96.04,491
95.83,491
95.54,491
95.31,491
95.01,491
94.69,491
94.45,491
94.03,491
93.68,491
93.42,491
93.06,491
92.78,491
92.4,490
92.01,491
91.72,491
91.31,491
90.9,490
90.59,490
90.16,490
89.61,490
89.28,491
88.82,490
88.36,490
88,490
87.52,490
87.04,490
86.66,491
86.16,490
85.65,490
85.26,490
84.6,490
84.2,490
83.65,490
83.1,491
82.68,491
82.12,491
81.54,491
81.11,491
80.52,491
79.92,492
79.47,492
78.7,492
78.24,492
77.61,492
76.97,493
76.49,493
75.85,493
75.19,493
74.69,494
74.03,494
73.35,494
72.84,494
72.15,495
71.28,495
70.75,495
70.04,496
69.5,496
68.78,496
68.05,496
67.5,496
66.76,497
66.01,497
65.44,497
64.69,497
63.73,498
63.15,498
62.37,498
61.58,499
60.99,499
60.2,499
59.59,499
58.79,500
57.98,500
57.36,500
56.54,500
55.71,501
54.88,501
54.04,501
53.2,502
52.56,502
51.71,502
50.85,502
50.2,502
49.34,503
48.46,503
47.81,503
46.93,504
46.04,504
45.15,504
44.26,505
43.58,505
42.68,505
41.77,505
41.09,505
40.18,506
39.26,506
38.57,506
37.64,506
36.95,507
35.78,507
34.85,507
34.14,508
33.2,508
32.26,508
31.55,508
30.6,509
29.64,509
28.93,509
27.97,509
27.25,510
26.04,509
25.07,509
24.35,510
23.38,510
22.4,510
21.67,510
20.69,511
19.71,511
18.98,512
18,512
17.01,512
16.27,513
15.04,513
14.05,513
13.31,513
12.31,514
11.32,514
10.57,514
9.58,515
8.83,515
7.84,515
6.84,516
6.09,516
4.84,516
4.09,517
3.09,517
2.09,517
1.34,517
0.34,518
-0.66,518
-1.41,518
-2.4,519
-3.15,519
-4.15,518
-5.4,518
-6.15,518
-7.15,518
-7.9,518
-8.89,518
-9.89,518
-10.64,518
-11.63,519
-12.37,519
-13.37,519
-14.36,519
-15.1,520
-16.33,520
-17.32,520
-18.06,520
-19.04,521
-20.02,521
-20.75,522
-21.73,522
-22.71,522
-23.44,522
-24.41,522
-25.38,523
-26.34,523
-27.3,523
-28.02,524
-28.98,524
-29.94,524
-30.65,524
-31.6,525
-32.55,525
-33.26,525
-34.2,526
-35.14,526
-35.84,526
-37,526
-37.93,527
-38.62,527
-39.54,527
-40.23,528
-41.15,528
-42.06,528
-42.73,528
-43.64,528
-44.53,529
-45.2,529
-46.32,529
-47.2,530
-47.86,530
-48.74,530
-49.61,530
-50.26,531
-51.12,531
-51.97,531
-52.61,531
-53.46,531
-54.09,532
-54.93,532
-55.97,532
-56.59,532
-57.41,532
-58.23,533
-58.84,533
-59.64,533
-60.44,533
-61.04,533
-61.83,534
-62.61,534
-63.19,534
-64.16,534
-64.73,535
-65.49,535
-66.24,535
-66.8,536
-67.54,536
-68.28,536
-68.82,537
-69.55,537
-70.26,538
-70.79,538
-71.49,539
-72.36,539
-72.88,539
-73.56,539
-74.23,540
-74.73,540
-75.39,540
-75.89,540
-76.53,541
-77.17,540
-77.65,541
-78.27,541
-79.05,541
-79.5,541
-80.11,541
-80.7,542
-81.14,542
-81.72,542
-82.29,542
-82.72,542
-83.27,542
-83.82,542
-84.23,542
-84.9,543
-85.29,543
-85.81,543
-86.32,543
-86.7,543
-87.19,543
-87.67,543
-88.03,543
-88.5,543
-88.96,544
-89.3,544
-89.75,544
-90.19,544
-90.61,544
-91.03,544
-91.34,545
-91.74,544
-92.14,544
-92.42,544
-92.8,544
-93.17,544
-93.44,544
-93.79,544
-94.22,545
-94.47,545
-94.79,545
-95.03,545
-95.33,545
-95.63,545
-95.85,546
-96.13,545
-96.4,546
-96.59,545
-96.85,545
-97.09,545
-97.33,545
-97.55,545
-97.77,545
-97.92,545
-98.12,545
-98.26,545
-98.44,545
-98.61,546
-98.73,546
-98.89,546
-99.03,546
-99.17,546
-99.29,546
-99.4,546
-99.48,546
-99.58,546
-99.67,546
-99.72,546
-99.79,546
-99.84,546
-99.89,546
-99.93,546
-99.96,546
-99.99,546
-100,546
-100,547
-99.99,548
-99.98,548
-99.96,548
-99.93,549
-99.88,549
-99.84,548
-99.78,548
-99.71,548
-99.63,548
-99.54,548
-99.44,548
-99.36,548
-99.24,548
-99.15,548
-99.01,548
-98.87,548
-98.75,548
-98.59,548
-98.42,548
-98.28,548
-98.04,548
-97.84,547
-97.68,547
-97.46,547
-97.23,547
-97.06,547
-96.81,547
-96.62,547
-96.36,547
-96.08,547
-95.87,547
-95.51,547
-95.21,547
-94.98,547
-94.66,547
-94.33,547
-94.08,547
-93.74,547
-93.39,547
-93.11,547
-92.75,547
-92.46,547
-91.98,547
-91.58,546
-91.28,546
-90.87,546
-90.44,546
-90.12,546
-89.68,546
-89.24,546
-88.89,546
-88.43,546
-87.96,546
-87.6,546
-86.99,546
-86.62,546
-86.12,546
-85.6,546
-85.21,546
-84.69,546
-84.15,546
-83.74,546
-83.19,546
-82.63,546
-82.21,546
-81.49,545
-80.91,546
-80.46,546
-79.86,546
-79.26,545
-78.8,545
-78.18,545
-77.55,545
-77.08,544
-76.44,544
-75.95,544
-75.3,544
-74.47,543
-73.96,543
-73.29,543
-72.6,542
-72.09,542
-71.39,542
-70.69,542
-70.15,541
-69.44,541
-68.71,541
-68.17,541
-67.25,540
-66.5,540
-65.94,540
-65.19,539
-64.42,539
-63.85,539
-63.08,538
-62.3,538
-61.71,538
-60.92,538
-60.32,538
-59.32,538
-58.51,538
-57.9,538
-57.08,538
-56.26,537
-55.64,538
-54.81,538
-53.97,537
-53.33,537
-52.48,536
-51.63,536
-50.99,536
-49.91,536
-49.04,535
-48.38,535
-47.51,535
-46.62,534
-45.96,534
-45.07,534
-44.17,534
-43.5,533
-42.6,533
-41.92,533
-40.78,532
-39.86,532
-39.18,532
-38.25,531
-37.33,531
-36.63,531
-35.7,530
-34.76,530
-34.06,530
-33.12,529
-32.17,529
-31.46,529
-30.27,529
-29.32,528
-28.6,529
-27.64,527
-26.68,528
-25.95,528
-24.99,528
-24.02,527
-23.29,527
-22.31,527
-21.58,526
-20.36,526
-19.38,526
-18.64,526
-17.66,525
-16.68,525
-15.94,524
-14.95,524
-13.96,524
-13.22,524
-12.22,523
-11.23,523
-10.48,523
-9.24,522
-8.24,522
-7.5,522
-6.5,521
-5.5,521
-4.75,521
-3.75,521
-3,520
-2,520
-1,520
-0.25,520
1,519
2,519
2.75,519
3.74,519
4.5,519
5.49,519
6.24,519
7.24,519
8.24,519
8.98,519
9.98,519
10.73,519
11.97,519
12.96,519
13.7,518
14.69,518
15.68,518
16.42,517
17.41,517
18.39,517
19.13,517
20.11,516
20.84,516
22.06,516
23.04,516
23.77,515
24.74,515
25.7,515
26.43,514
27.39,514
28.35,514
29.07,513
30.03,513
30.98,513
31.93,513
32.87,512
33.58,512
34.52,512
35.46,512
36.16,511
37.09,511
38.02,511
38.71,511
39.63,510
40.54,510
41.23,510
42.36,510
43.04,509
43.94,509
44.84,509
45.51,509
46.4,508
47.28,508
47.94,508
48.81,507
49.68,507
50.33,507
51.41,507
52.05,506
52.9,506
53.75,506
54.38,506
55.22,505
56.05,505
56.67,505
57.49,505
58.1,505
58.91,504
59.72,504
60.52,504
61.31,504
62.1,503
62.68,503
63.46,503
64.23,503
64.8,502
65.56,502
66.31,502
66.87,502
67.61,502
68.34,501
69.07,501
69.79,501
70.32,501
71.03,500
71.73,500
72.25,500
72.94,500
73.62,500
74.13,500
74.79,500
75.29,499
76.11,499
76.75,499
77.23,499
77.86,498
78.49,498
78.95,498
79.56,498
80.16,498
80.61,498
81.19,497
81.77,497
82.34,497
82.91,498
83.32,497
83.87,496
84.41,495
84.81,495
85.34,495
85.86,494
86.24,494
86.74,494
87.23,494
87.6,494
88.19,494
88.66,494
89.01,494
89.46,493
89.79,493
90.23,493
90.65,492
90.97,492
91.38,492
91.78,492
92.07,492
92.55,492
92.93,492
93.2,493
93.56,492
93.82,492
94.16,492
94.5,491
94.74,491
95.05,491
95.36,491
95.58,491
95.94,491
96.22,491
96.42,491
96.68,491
96.87,492
97.11,491
97.35,491
97.52,491
97.73,491
97.94,491
98.09,491
98.28,491
98.46,491
98.63,491
98.79,491
98.9,491
99.04,491
99.18,491
99.27,491
99.39,491
99.47,491
99.56,492
99.65,491
99.71,491
99.8,491
99.86,491
99.89,491
99.94,491
99.97,491
99.98,491
100,491
100,491
100,490
99.98,489
99.96,489
99.92,489
99.88,489
99.84,489
99.78,489
99.71,489
99.65,489
99.56,489
99.46,489
99.38,489
99.26,489
99.13,489
99,489
98.85,489
98.7,489
98.57,489
98.4,489
98.26,489
98.07,489
97.87,489
97.72,489
97.5,489
97.27,489
97.09,489
96.79,489
96.6,489
96.33,489
96.06,489
95.85,489
95.56,489
95.26,489
95.03,489
94.71,489
94.39,489
94.14,489
93.71,489
93.44,490
93.08,489
92.71,489
92.43,489
92.04,489
91.65,489
91.34,488
90.93,489
90.51,489
90.19,489
89.75,489
89.19,489
88.85,489
88.39,489
88.04,490
87.56,490
87.07,490
86.7,490
86.2,491
85.69,491
85.3,491
84.77,491
84.1,491
83.69,491
83.14,491
82.58,492
82.16,492
81.58,492
81.15,492
80.56,492
79.96,493
79.51,493
78.9,493
78.12,493
77.65,494
77.02,494
76.38,494
75.89,494
75.24,495
74.57,495
74.07,495
73.4,495
72.88,495
72.2,496
71.5,496
70.8,496
70.09,497
69.37,497
68.83,497
68.1,497
67.36,497
66.81,498
66.06,498
65.31,498
64.74,498
63.97,498
63.39,499
62.42,499
61.64,499
61.05,500
60.25,500
59.45,500
58.84,500
58.03,500
57.22,501
56.6,500
55.77,500
54.94,500
54.1,500
53.26,500
52.41,500
51.77,501
50.91,501
50.26,501
49.4,501
48.52,502
47.87,502
46.99,502
46.1,502
45.21,503
44.32,503
43.42,503
42.74,504
41.84,504
40.93,504
40.24,505
39.32,505
38.63,505
37.71,506
36.78,506
36.08,506
34.91,507
33.97,507
33.27,507
32.32,508
31.37,508
30.66,508
29.71,508
28.75,509
28.03,509
27.07,509
26.35,509
25.14,510
24.17,510
23.44,510
22.47,511
21.49,511
20.76,511
19.78,512
18.8,512
18.06,512
17.08,513
16.09,513
15.35,513
14.12,513
13.13,514
12.38,514
11.39,514
10.64,514
9.65,515
8.65,515
7.91,516
6.91,516
5.91,516
5.16,516
3.91,517
3.16,517
2.16,517
1.16,517
0.41,517
-0.59,518
-1.34,518
-2.34,519
-3.34,518
-4.09,518
-5.08,518
-6.33,518
-7.08,519
-8.08,519
-8.83,518
-9.82,518
-10.82,518
-11.56,519
-12.55,519
-13.55,519
-14.29,519
-15.28,520
-16.26,520
-17.25,520
-18.23,520
-18.97,521
-19.95,521
-20.93,521
-21.66,522
-22.64,522
-23.61,522
-24.34,522
-25.31,523
-26.27,523
-27,523
-28.2,524
-29.16,524
-29.87,524
-30.83,525
-31.78,525
-32.49,525
-33.43,526
-34.14,526
-35.07,526
-36.01,526
-36.71,526
-37.87,527
-38.79,527
-39.48,527
-40.4,527
-41.31,528
-41.99,528
-42.9,528
-43.57,529
-44.47,529
-45.37,529
-46.03,529
-47.14,530
-48.02,530
-48.68,530
-49.55,530
-50.41,531
-51.06,531
-51.92,531
-52.77,531
-53.4,531
-54.25,531
-54.88,532
-55.71,532
-56.74,532
-57.36,533
-58.17,532
-58.98,533
-59.59,534
-60.39,534
-61.18,534
-61.77,535
-62.56,536
-63.33,536
-63.91,536
-64.87,536
-65.63,536
-66.19,537
-66.94,537
-67.68,537
-68.23,537
-68.96,537
-69.68,538
-70.21,538
-70.92,538
-71.45,538
-72.14,539
-73,539
-73.51,539
-74.19,539
-74.85,539
-75.35,539
-76,540
-76.65,540
-77.13,540
-77.76,540
-78.39,541
-78.85,541
-79.61,541
-80.21,541
-80.66,541
-81.25,541
-81.68,541
-82.25,542
-82.82,542
-83.24,542
-83.79,542
-84.33,542
-84.73,542
-85.39,542
-85.9,542
-86.28,543
-86.79,543
-87.16,543
-87.64,543
-88.12,543
-88.47,543
-88.93,543
-89.39,543
-89.72,544
-90.16,543
-90.69,543
-91,544
-91.41,544
-91.81,543
-92.11,544
-92.49,544
-92.87,544
-93.14,544
-93.5,544
-93.85,544
-94.11,544
-94.53,544
-94.77,545
-95.08,545
-95.39,545
-95.61,545
-95.9,546
-96.18,546
-96.38,546
-96.64,546
-96.89,546
-97.08,546
-97.31,546
-97.54,546
-97.75,546
-97.96,546
-98.11,546
-98.29,546
-98.47,546
-98.6,546
-98.76,546
-98.88,546
-99.02,546
-99.16,546
-99.28,546
-99.4,546
-99.5,546
-99.57,546
-99.66,546
-99.74,546
-99.79,546
-99.85,546
-99.89,546
-99.93,546
-99.96,546
-99.98,546
-100,546
-100,547
-99.99,548
-99.98,548
-99.95,549
-99.93,549
-99.89,549
-99.83,549
-99.79,549
-99.72,548
-99.64,548
-99.55,548
-99.45,548
-99.34,548
-99.25,548
-99.12,548
-98.99,548
-98.88,548
-98.72,548
-98.6,548
-98.43,548
-98.25,548
-98.1,547
-97.85,547
-97.64,547
-97.48,547
-97.25,547
-97.01,547
-96.83,547
-96.57,547
-96.31,547
-96.1,547
-95.82,547
-95.53,547
-95.23,547
-94.92,547
-94.68,547
-94.36,547
-94.02,546
-93.76,546
-93.41,546
-93.05,547
-92.77,546
-92.39,546
-92.01,546
-91.61,547
-91.2,547
-90.79,547
-90.47,547
-90.04,547
-89.6,547
-89.27,547
-88.81,547
-88.46,547
-87.99,547
-87.51,547
-87.15,547
-86.53,547
-86.02,547
-85.64,547
-85.12,547
-84.59,547
-84.19,547
-83.64,547
-83.09,546
-82.67,547
-82.1,546
-81.53,546
-80.95,546
-80.35,546
-79.91,545
-79.3,545
-78.69,544
-78.22,544
-77.6,544
-76.96,544
-76.48,544
-75.83,543
-75.18,543
-74.68,543
-73.84,542
-73.16,542
-72.65,542
-71.96,541
-71.26,541
-70.73,541
-70.02,540
-69.31,541
-68.76,541
-68.03,541
-67.3,541
-66.55,541
-65.8,541
-65.05,540
-64.48,541
-63.71,541
-63.13,541
-62.35,540
-61.57,540
-60.97,539
-60.18,539
-59.38,539
-58.77,539
-57.75,538
-56.94,538
-56.32,537
-55.49,537
-54.65,536
-54.02,536
-53.18,536
-52.33,536
-51.69,535
-50.83,535
-49.97,535
-49.1,535
-48.23,534
-47.35,534
-46.68,534
-45.8,533
-44.91,533
-44.24,533
-43.34,532
-42.66,532
-41.75,532
-40.84,532
-39.93,531
-39.01,532
-38.09,532
-37.39,532
-36.46,532
-35.53,532
-34.83,531
-33.89,531
-32.95,530
-32.24,530
-31.29,530
-30.34,529
-29.38,529
-28.42,529
-27.46,529
-26.74,528
-25.78,528
-25.05,528
-24.08,527
-23.11,527
-22.38,527
-21.41,526
-20.43,526
-19.45,526
-18.47,525
-17.48,525
-16.74,524
-15.76,525
-14.77,524
-14.03,524
-13.03,523
-12.04,523
-11.3,523
-10.3,523
-9.06,523
-8.31,522
-7.32,522
-6.32,521
-5.57,521
-4.57,521
-3.82,521
-2.82,520
-1.82,520
-1.07,520
-0.07,519
0.93,519
1.93,519
2.93,519
3.68,519
4.68,519
5.42,519
6.42,519
7.42,519
8.17,519
9.16,519
9.91,519
10.91,519
12.15,519
12.89,518
13.88,518
14.87,518
15.61,518
16.6,517
17.59,517
18.32,517
19.31,516
20.04,516
21.02,516
22,515
22.97,515
23.94,515
24.91,515
25.64,514
26.6,514
27.57,514
28.29,513
29.24,513
29.96,513
30.91,512
31.86,512
32.57,512
33.75,511
34.69,511
35.39,511
36.33,511
37.26,510
37.95,510
38.88,510
39.79,510
40.48,509
41.39,509
42.08,509
43.21,508
44.11,508
44.78,508
45.67,507
46.56,507
47.22,507
48.1,507
48.97,506
49.63,506
50.49,506
51.14,505
52.21,505
53.06,505
53.69,505
54.53,504
55.37,504
55.99,504
56.82,504
57.64,503
58.25,503
59.06,503
59.66,503
60.46,502
61.45,502
62.04,502
62.82,502
63.6,501
64.17,501
64.94,501
65.7,501
66.26,500
67,500
67.56,500
68.29,500
69.2,500
69.74,499
70.45,499
71.16,499
71.69,499
72.38,499
73.07,499
73.58,498
74.25,498
74.92,498
75.41,498
76.06,497
76.71,497
77.35,497
77.98,496
78.44,496
79.06,496
79.67,496
80.12,496
80.71,496
81.3,496
81.73,495
82.31,495
82.87,495
83.43,495
83.97,495
84.38,494
84.91,494
85.43,494
85.82,494
86.33,494
86.83,493
87.2,493
87.69,493
88.04,493
88.63,493
89.09,493
89.43,493
89.87,492
90.3,493
90.62,492
91.04,493
91.45,493
91.75,492
92.14,492
92.53,492
92.9,492
93.27,492
93.54,492
93.89,492
94.22,491
94.47,491
94.8,491
95.11,491
95.34,491
95.64,491
95.85,491
96.13,490
96.47,491
96.66,491
96.92,490
97.16,491
97.33,491
97.56,491
97.77,491
97.93,491
98.12,491
98.31,490
98.45,490
98.66,490
98.78,490
98.93,490
99.07,490
99.17,489
99.29,490
99.41,490
99.49,490
99.58,490
99.67,490
99.73,490
99.81,489
99.85,489
99.9,490
99.94,490
99.96,490
99.99,490
100,490
100,490
99.99,490
99.98,490
99.96,490
99.93,490
99.87,490
99.83,490
99.77,490
99.71,490
99.63,490
99.54,490
99.47,490
99.36,490
99.24,490
99.14,490
99.01,490
98.82,490
98.71,490
98.54,490
98.41,490
98.23,490
98.04,491
97.89,491
97.68,491
97.46,491
97.29,490
97.05,491
96.8,491
96.55,491
96.28,491
96.01,491
95.8,491
95.5,491
95.28,491
94.97,491
94.65,491
94.41,491
94.07,491
93.73,491
93.38,491
93.01,491
92.64,491
92.36,491
91.97,491
91.67,491
91.27,491
90.86,491
90.54,491
90.11,491
89.67,491
89.34,491
88.77,491
88.3,491
87.95,491
87.47,492
87.1,492
86.61,492
86.1,493
85.72,492
85.2,492
84.67,492
84.27,492
83.59,492
83.04,492
82.62,493
82.05,492
81.48,492
81.04,492
80.45,492
79.85,493
79.4,492
78.79,492
78.32,492
77.7,493
76.9,492
76.42,493
75.77,493
75.12,493
74.62,494
73.95,494
73.27,494
72.76,495
72.07,495
71.37,495
70.85,495
69.96,495
69.24,496
68.7,496
67.97,496
67.23,497
66.67,497
65.92,497
65.36,498
64.6,498
63.83,498
63.25,498
62.28,499
61.49,499
60.9,499
60.11,499
59.3,500
58.7,500
57.88,500
57.07,501
56.45,501
55.62,501
55,501
54.16,501
53.1,502
52.47,502
51.61,502
50.75,503
50.11,503
49.24,503
48.36,503
47.71,503
46.83,503
45.94,504
45.27,504
44.15,504
43.48,505
42.58,504
41.67,504
40.99,504
40.07,505
39.16,505
38.46,505
37.54,505
36.61,506
35.91,506
34.98,506
33.8,506
33.1,507
32.15,507
31.2,507
30.49,508
29.53,508
28.82,508
27.86,509
26.9,509
26.17,509
25.21,510
24,510
23.27,510
22.29,510
21.32,511
20.58,511
19.6,512
18.62,512
17.88,512
16.9,513
15.91,513
15.17,513
13.94,513
13.19,514
12.2,514
11.21,514
10.46,515
9.47,515
8.47,515
7.72,515
6.73,516
5.73,516
4.98,516
3.98,517
2.98,517
1.98,517
0.98,518
0.23,518
-0.77,518
-1.52,518
-2.52,518
-3.52,518
-4.27,519
-5.27,518
-6.01,518
-7.01,518
-8.26,518
-9.01,518
-10,518
-10.75,519
-11.74,519
-12.73,519
-13.48,519
-14.47,519
-15.46,520
-16.2,520
-17.18,520
-18.41,520
-19.15,521
-20.13,521
-21.11,521
-21.84,522
-22.82,522
-23.79,522
-24.52,522
-25.48,523
-26.45,523
-27.17,523
-28.37,523
-29.09,524
-30.05,524
-31,525
-31.71,525
-32.66,525
-33.6,525
-34.31,526
-35.24,526
-36.18,526
-36.88,526
-37.8,527
-38.96,527
-39.65,527
-40.56,527
-41.25,527
-42.16,528
-43.06,528
-43.74,528
-44.64,529
-45.53,529
-46.19,529
-47.08,529
-48.18,530
-48.83,530
-49.7,530
-50.57,530
-51.21,531
-52.07,531
-52.71,531
-53.56,531
-54.4,532
-55.03,532
-55.86,532
-56.69,532
-57.51,532
-58.32,533
-59.13,533
-59.73,533
-60.53,534
-61.33,535
-61.92,535
-62.7,536
-63.47,536
-64.05,536
-64.82,536
-65.76,537
-66.33,537
-67.07,537
-67.63,537
-68.36,538
-69.09,538
-69.63,538
-70.34,538
-71.05,539
-71.57,539
-72.27,539
-73.13,539
-73.64,539
-74.31,539
-74.97,539
-75.47,539
-76.12,540
-76.77,540
-77.24,540
-77.88,540
-78.34,541
-78.96,540
-79.57,541
-80.17,540
-80.77,540
-81.35,541
-81.79,541
-82.36,541
-82.92,541
-83.34,541
-83.89,541
-84.43,541
-84.83,541
-85.35,542
-86,542
-86.38,542
-86.88,542
-87.24,542
-87.73,542
-88.2,542
-88.56,542
-89.02,542
-89.47,543
-89.8,543
-90.23,543
-90.66,543
-91.08,543
-91.49,543
-91.89,543
-92.18,544
-92.56,544
-92.84,543
-93.21,544
-93.57,545
-93.83,545
-94.17,545
-94.5,546
-94.83,546
-95.14,546
-95.44,546
-95.66,546
-95.95,547
-96.23,547
-96.43,547
-96.69,547
-96.88,547
-97.12,547
-97.35,547
-97.52,547
-97.79,547
-97.99,547
-98.14,547
-98.33,547
-98.51,547
-98.63,547
-98.79,548
-98.94,548
-99.05,548
-99.18,548
-99.27,548
-99.42,548
-99.52,548
-99.59,548
-99.68,548
-99.75,548
-99.8,548
-99.86,548
-99.9,548
-99.94,548
-99.97,548
-99.98,548
-100,548
-100,549
-99.99,549
-99.98,548
-99.95,548
-99.92,548
-99.88,548
-99.82,548
-99.78,548
-99.7,548
-99.62,547
-99.55,547
-99.43,547
-99.32,547
-99.23,547
-99.1,547
-98.96,547
-98.85,547
-98.69,547
-98.57,547
-98.4,547
-98.21,547
-98.07,547
-97.82,547
-97.6,547
-97.44,547
-97.21,547
-96.97,547
-96.78,547
-96.53,547
-96.33,547
-96.05,547
-95.77,547
-95.55,547
-95.25,547
-94.86,547
-94.62,547
-94.3,546
-93.96,546
-93.7,546
-93.34,546
-92.98,546
-92.7,546
-92.32,546
-92.03,546
-91.64,546
-91.13,546
-90.82,546
-90.39,547
-89.96,547
-89.63,547
-89.18,547
-88.73,547
-88.38,547
-87.91,547
-87.43,547
-87.06,547
-86.56,547
-85.93,547
-85.54,547
-85.02,547
-84.63,547
-84.09,546
-83.54,547
-83.13,547
-82.57,547
-82,546
-81.57,546
-80.99,545
-80.25,545
-79.8,545
-79.19,545
-78.58,544
-78.11,544
-77.48,544
-76.84,543
-76.36,543
-75.71,543
-75.06,543
-74.56,543
-73.89,542
-73.21,542
-72.53,542
-71.83,541
-71.31,541
-70.61,541
-69.89,540
-69.36,542
-68.63,541
-67.9,541
-67.35,541
-66.61,541
-65.67,541
-65.1,541
-64.34,541
-63.57,541
-62.99,540
-62.21,540
-61.42,540
-60.83,539
-60.03,539
-59.23,539
-58.62,539
-57.61,538
-56.79,538
-56.17,538
-55.34,537
-54.71,537
-53.87,537
-53.03,536
-52.39,536
-51.53,536
-50.67,535
-50.03,535
-49.16,535
-48.07,535
-47.41,534
-46.52,534
-45.64,533
-44.97,533
-44.07,533
-43.17,533
-42.5,532
-41.59,532
-40.68,532
-39.99,531
-38.84,531
-38.15,531
-37.22,530
-36.29,531
-35.59,531
-34.66,531
-33.72,531
-33.01,530
-32.06,530
-31.12,530
-30.4,530
-29.45,529
-28.25,529
-27.53,529
-26.57,528
-25.6,528
-24.88,527
-23.91,527
-22.94,527
-22.2,526
-21.23,526
-20.25,526
-19.51,526
-18.29,526
-17.55,525
-16.56,525
-15.58,524
-14.84,524
-13.85,524
-12.86,524
-12.11,523
-11.12,523
-10.12,522
-9.38,522
-8.13,522
-7.13,522
-6.39,521
-5.39,521
-4.39,521
-3.64,521
-2.64,520
-1.89,520
-0.89,520
0.11,519
0.86,519
1.86,519
2.86,519
3.86,519
4.86,519
5.61,519
6.6,519
7.35,519
8.35,519
9.35,519
10.09,519
11.09,519
11.83,519
12.82,518
14.06,518
14.8,518
15.79,518
16.78,518
17.52,517
18.5,517
19.24,517
20.22,516
21.2,516
21.93,516
22.9,516
24.12,515
24.85,515
25.81,515
26.78,515
27.5,514
28.46,514
29.42,514
30.13,514
31.09,513
31.8,513
32.74,513
33.92,512
34.63,512
35.56,513
36.5,511
37.19,511
38.12,510
39.04,510
39.73,510
40.65,509
41.56,509
42.24,509
43.14,509
44.04,509
44.94,508
45.83,508
46.5,508
47.38,508
48.26,508
48.91,508
49.78,507
50.43,507
51.29,507
52.15,506
53,506
53.84,506
54.68,506
55.31,506
56.14,505
56.97,504
57.58,504
58.4,504
59.2,504
59.81,504
60.61,504
61.2,503
62.18,503
62.96,503
63.55,502
64.31,502
65.08,502
65.64,502
66.4,502
67.14,502
67.69,501
68.43,501
68.97,501
69.87,501
70.58,501
71.11,501
71.81,500
72.5,499
73.02,499
73.7,499
74.37,499
74.87,499
75.53,499
76.02,498
76.66,498
77.46,498
77.93,497
78.56,497
79.17,497
79.63,497
80.23,496
80.82,496
81.26,496
81.84,496
82.27,496
82.83,496
83.53,496
83.94,496
84.47,496
85.01,496
85.4,496
85.91,495
86.42,495
86.8,495
87.29,495
87.65,495
88.13,495
88.6,495
89.06,495
89.51,495
89.95,494
90.27,494
90.7,494
91.01,494
91.42,494
91.82,494
92.12,494
92.5,494
92.88,494
93.24,494
93.6,494
93.95,493
94.2,493
94.53,493
94.77,493
95.09,493
95.39,493
95.62,492
95.9,492
96.18,492
96.38,492
96.71,492
96.9,492
97.14,491
97.37,492
97.54,492
97.76,492
97.96,492
98.11,492
98.3,491
98.48,491
98.61,491
98.81,491
98.92,491
99.06,491
99.19,491
99.28,490
99.4,491
99.5,491
99.58,491
99.66,491
99.74,491
99.79,490
99.86,491
99.9,491
99.94,491
99.97,491
99.99,491
100,491
100,491
99.99,491
99.98,491
99.95,491
99.93,491
99.89,491
99.82,491
99.77,491
99.7,491
99.64,491
99.55,491
99.45,491
99.36,491
99.25,491
99.12,491
99.02,491
98.87,491
98.68,491
98.55,491
98.38,491
98.24,491
98.05,491
97.85,491
97.69,491
97.47,491
97.24,491
97.07,491
96.82,491
96.63,491
96.3,491
96.03,491
95.82,491
95.52,491
95.22,491
94.99,491
94.68,491
94.35,491
94.1,491
93.75,491
93.49,491
93.04,491
92.67,491
92.38,491
92,491
91.6,491
91.3,491
90.88,491
90.46,491
90.14,490
89.7,491
89.37,491
88.92,491
88.34,491
87.98,492
87.5,492
87.01,492
86.64,492
86.14,492
85.63,492
85.24,492
84.71,492
84.17,493
83.77,492
83.08,492
82.66,493
82.09,492
81.52,492
81.08,492
80.49,493
79.89,492
79.44,492
78.83,492
78.21,492
77.74,492
77.11,493
76.3,493
75.82,493
75.16,493
74.5,493
74,494
73.32,494
72.64,494
72.12,494
71.42,495
70.89,495
70.19,495
69.29,496
68.75,496
68.02,496
67.28,496
66.72,496
65.98,497
65.22,497
64.65,497
63.89,498
63.11,498
62.53,498
61.55,498
60.96,499
60.16,499
59.36,499
58.75,499
57.94,500
57.12,500
56.51,500
55.68,500
54.84,501
54.22,501
53.37,502
52.31,502
51.67,502
50.81,502
49.95,503
49.3,503
48.42,503
47.77,503
46.89,504
46,504
45.33,504
44.44,504
43.32,505
42.64,505
41.73,505
40.82,506
40.14,506
39.22,506
38.53,506
37.6,507
36.67,507
35.97,507
35.04,507
34.1,508
33.16,507
32.21,507
31.27,507
30.55,508
29.6,508
28.64,508
27.92,508
26.96,509
26,509
25.27,509
24.3,510
23.33,510
22.36,510
21.38,511
20.65,511
19.67,511
18.69,512
17.95,512
16.97,512
15.98,513
15.24,513
14.25,513
13.26,514
12.27,514
11.28,514
10.53,515
9.54,515
8.54,515
7.79,515
6.8,516
5.8,516
5.05,516
4.05,517
3.3,517
2.05,517
1.05,517
0.3,518
-0.7,518
-1.45,518
-2.45,518
-3.45,518
-4.2,518
-5.2,519
-5.95,518
-6.94,519
-7.94,518
-8.94,518
-9.93,518
-10.93,518
-11.67,518
-12.67,519
-13.66,519
-14.4,519
-15.39,520
-16.13,520
-17.12,520
-18.1,520
-19.08,521
-20.06,521
-21.04,521
-21.77,522
-22.75,522
-23.72,522
-24.45,523
-25.42,523
-26.38,523
-27.11,523
-28.07,524
-28.79,524
-29.98,524
-30.93,524
-31.65,525
-32.59,525
-33.54,525
-34.24,526
-35.18,526
-36.11,526
-36.81,526
-37.74,527
-38.67,527
-39.59,527
-40.5,527
-41.19,528
-42.1,528
-43,528
-43.68,529
-44.57,529
-45.47,529
-46.13,529
-47.02,530
-47.9,530
-48.56,530
-49.64,530
-50.51,531
-51.16,531
-52.01,531
-52.65,531
-53.5,531
-54.34,532
-54.97,532
-55.8,532
-56.63,532
-57.25,532
-58.27,533
-59.08,533
-59.68,533
-60.48,533
-61.27,534
-61.86,534
-62.65,534
-63.42,534
-64,534
-64.76,535
-65.34,535
-66.28,535
-67.02,536
-67.58,536
-68.31,537
-69.04,538
-69.58,538
-70.29,538
-71,539
-71.53,539
-72.22,539
-72.91,539
-73.42,539
-74.26,540
-74.93,540
-75.42,540
-76.08,540
-76.56,541
-77.2,541
-77.83,541
-78.3,541
-78.92,541
-79.53,541
-79.98,541
-80.73,542
-81.31,542
-81.75,542
-82.32,542
-82.88,542
-83.3,542
-83.85,543
-84.25,543
-84.79,543
-85.32,543
-85.7,543
-86.22,543
-86.84,543
-87.21,544
-87.7,543
-88.17,543
-88.52,543
-88.98,544
-89.44,543
-89.77,543
-90.21,544
-90.63,544
-90.95,544
-91.46,544
-91.76,544
-92.15,544
-92.54,544
-92.82,544
-93.19,544
-93.54,544
-93.81,544
-94.15,545
-94.48,545
-94.72,545
-95.12,545
-95.35,545
-95.64,545
-95.93,545
-96.14,545
-96.41,545
-96.67,546
-96.86,545
-97.1,545
-97.34,545
-97.51,545
-97.72,545
-97.98,545
-98.13,545
-98.32,545
-98.45,546
-98.62,546
-98.78,546
-98.9,546
-99.04,546
-99.17,546
-99.27,546
-99.38,546
-99.51,546
-99.58,546
-99.67,546
-99.73,546
-99.8,546
-99.86,546
-99.89,546
-99.93,546
-99.97,546
-99.98,546
-100,546
-100,546
-99.99,547
-99.98,547
-99.95,547
-99.93,547
-99.88,547
-99.84,547
-99.78,547
-99.71,548
-99.65,548
-99.56,548
-99.46,549
-99.35,549
-99.24,549
-99.11,548
-99,548
-98.86,548
-98.7,548
-98.58,548
-98.41,548
-98.22,548
-98.08,548
-97.88,548
-97.67,548
-97.45,548
-97.22,548
-97.05,548
-96.8,548
-96.54,548
-96.34,548
-96.07,548
-95.79,548
-95.57,548
-95.27,548
-94.96,548
-94.65,548
-94.32,548
-94.07,548
-93.72,548
-93.37,547
-93.1,547
-92.73,547
-92.35,547
-92.06,547
-91.66,547
-91.26,547
-90.95,547
-90.42,547
-89.99,547
-89.66,547
-89.22,547
-88.87,547
-88.41,546
-87.94,546
-87.58,546
-87.09,545
-86.6,545
-86.22,545
-85.58,545
-85.06,545
-84.66,545
-84.13,545
-83.58,545
-83.17,545
-82.61,544
-82.04,545
-81.61,545
-81.03,545
-80.44,545
-79.84,544
-79.23,545
-78.77,545
-78.15,545
-77.52,545
-77.05,545
-76.41,545
-75.76,544
-75.27,544
-74.6,544
-73.93,544
-73.43,543
-72.57,543
-71.88,543
-71.36,542
-70.65,542
-69.94,542
-69.4,541
-68.68,541
-67.95,541
-67.4,540
-66.66,540
-65.91,540
-65.15,539
-64.39,539
-63.62,539
-63.04,539
-62.26,538
-61.67,538
-60.88,538
-60.09,537
-59.49,537
-58.68,537
-57.87,537
-57.25,537
-56.22,537
-55.39,537
-54.77,537
-53.93,537
-53.08,537
-52.45,536
-51.59,537
-50.73,536
-50.09,536
-49.22,536
-48.56,536
-47.47,535
-46.58,535
-45.92,535
-45.03,534
-44.13,534
-43.46,534
-42.56,533
-41.65,533
-40.97,532
-40.05,532
-39.13,532
-38.44,532
-37.29,531
-36.36,531
-35.66,530
-34.72,530
-33.78,530
-33.07,530
-32.13,529
-31.18,529
-30.47,529
-29.51,529
-28.8,528
-27.6,528
-26.63,528
-25.91,527
-24.94,527
-23.97,527
-23.24,527
-22.27,526
-21.3,527
-20.56,527
-19.58,526
-18.6,526
-17.62,525
-16.63,525
-15.64,525
-14.9,524
-13.91,524
-12.92,524
-12.18,523
-11.19,523
-10.19,523
-9.45,522
-8.45,522
-7.7,522
-6.45,521
-5.46,521
-4.71,521
-3.71,521
-2.71,520
-1.96,520
-0.96,519
0.04,519
0.79,519
1.79,519
2.54,519
3.79,519
4.54,519
5.54,519
6.54,519
7.28,519
8.28,519
9.03,519
10.02,519
11.02,519
11.76,518
12.76,519
13.75,518
14.74,518
15.72,518
16.46,517
17.45,517
18.43,517
19.17,517
20.15,516
21.13,516
21.86,516
22.84,515
23.81,515
24.78,515
25.75,515
26.71,514
27.43,514
28.39,514
29.11,513
30.07,513
31.02,513
31.73,513
32.68,512
33.62,512
34.33,512
35.5,512
36.43,511
37.13,511
38.06,511
38.75,510
39.67,510
40.58,510
41.27,510
42.18,509
43.08,509
43.76,509
44.88,509
45.77,508
46.44,508
47.32,508
47.98,507
48.85,507
49.72,507
50.37,507
51.23,506
52.09,506
52.73,506
53.58,506
54.63,505
55.25,505
56.08,505
56.7,504
57.52,504
58.34,504
58.95,504
59.75,504
60.55,504
61.15,503
61.93,503
62.91,503
63.49,503
64.26,502
64.83,502
65.59,502
66.34,501
66.9,501
67.64,501
68.38,501
68.92,501
69.64,501
70.53,500
71.06,500
71.76,500
72.28,500
72.97,499
73.65,500
74.16,499
74.82,499
75.48,499
75.97,499
76.62,498
77.26,499
77.89,498
78.51,498
79.13,498
79.58,498
80.19,498
80.63,497
81.22,497
81.8,497
82.23,497
82.79,497
83.35,497
83.9,497
84.44,496
84.97,496
85.36,496
85.88,496
86.26,496
86.76,495
87.26,495
87.62,495
88.1,495
88.57,495
88.91,495
89.48,495
89.92,495
90.24,494
90.67,494
90.98,494
91.39,494
91.8,494
92.09,494
92.48,493
92.85,494
93.13,494
93.58,494
93.92,493
94.18,493
94.51,493
94.83,493
95.07,493
95.37,493
95.6,492
95.88,492
96.16,493
96.37,493
96.63,493
96.94,492
97.12,492
97.36,492
97.58,492
97.74,492
97.95,492
98.1,492
98.29,492
98.47,492
98.59,491
98.76,491
98.94,491
99.05,491
99.18,491
99.28,491
99.39,491
99.5,490
99.57,491
99.66,491
99.73,491
99.79,491
99.85,491
99.9,491
99.94,491
99.97,491
99.98,491
100,490
100,491
100,491
99.98,491
99.96,491
99.93,491
99.89,490
99.84,490
99.77,490
99.7,490
99.62,490
99.55,490
99.45,490
99.34,490
99.26,490
99.13,490
99.03,490
98.88,490
98.73,490
98.61,490
98.39,490
98.21,490
98.06,490
97.86,490
97.65,490
97.49,490
97.26,490
97.08,490
96.84,490
96.58,490
96.39,490
96.05,490
95.76,490
95.55,491
95.25,490
94.94,490
94.7,490
94.37,490
94.12,490
93.78,490
93.43,490
93.16,490
92.69,490
92.31,490
92.02,490
91.63,490
91.22,490
90.91,490
90.49,490
90.17,490
89.73,490
89.29,490
88.95,490
88.49,490
87.9,490
87.54,490
87.05,490
86.55,491
86.17,490
85.66,490
85.27,490
84.75,490
84.21,490
83.8,490
83.25,491
82.56,491
82.13,491
81.56,491
80.97,492
80.53,492
79.93,492
79.33,492
78.87,492
78.25,493
77.62,493
77.15,493
76.51,493
75.86,494
75.21,494
74.54,494
74.04,494
73.37,495
72.68,495
72.17,495
71.47,495
70.77,496
70.23,496
69.52,496
68.62,496
68.07,496
67.33,497
66.78,497
66.03,497
65.27,498
64.7,498
63.94,498
63.17,498
62.58,499
61.8,499
61.01,499
60.21,499
59.41,500
58.61,500
58,500
57.18,500
56.56,501
55.73,501
54.9,501
54.27,502
53.43,502
52.58,502
51.73,502
50.87,503
50.01,503
49.36,503
48.48,503
47.61,503
46.95,504
46.06,504
45.39,504
44.5,505
43.6,505
42.93,505
41.79,505
40.88,505
40.2,506
39.28,505
38.36,505
37.67,505
36.74,505
36.04,506
35.1,506
34.17,506
33.46,507
32.28,507
31.33,507
30.62,507
29.67,508
28.71,508
27.99,509
27.03,509
26.06,509
25.34,509
24.37,510
23.4,510
22.43,510
21.45,511
20.72,511
19.74,511
18.76,512
18.02,512
17.04,512
16.05,513
15.31,513
14.32,513
13.33,513
12.58,514
11.34,514
10.35,514
9.6,515
8.61,515
7.86,515
6.86,516
5.87,516
5.12,516
4.12,517
3.12,517
2.37,517
1.12,517
0.37,518
-0.63,518
-1.63,518
-2.38,518
-3.38,518
-4.13,518
-5.13,518
-6.13,518
-6.88,518
-7.87,518
-8.62,518
-9.87,518
-10.86,519
-11.61,519
-12.6,519
-13.59,519
-14.33,519
-15.32,520
-16.06,520
-17.05,520
-18.03,521
-18.77,521
-20,521
-20.97,521
-21.71,521
-22.68,522
-23.66,522
-24.38,522
-25.35,523
-26.32,523
-27.04,523
-28,524
-28.96,524
-29.68,524
-30.87,524
-31.58,525
-32.53,525
-33.47,525
-34.18,526
-35.12,526
-36.05,526
-36.75,527
-37.68,527
-38.6,527
-39.29,527
-40.44,528
-41.35,528
-42.03,528
-42.94,528
-43.61,529
-44.51,529
-45.41,529
-46.07,530
-46.96,530
-47.84,530
-48.5,530
-49.37,530
-50.45,531
-51.1,531
-51.95,531
-52.59,531
-53.44,532
-54.28,532
-54.91,532
-55.75,533
-56.57,532
-57.19,532
-58.01,533
-59.02,533
-59.62,533
-60.42,533
-61.22,534
-61.81,534
-62.59,534
-63.37,534
-63.95,534
-64.71,534
-65.47,534
-66.04,535
-66.97,535
-67.53,536
-68.26,537
-68.99,537
-69.53,538
-70.24,538
-70.95,538
-71.48,539
-72.17,539
-72.86,539
-73.37,539
-74.05,540
-74.88,540
-75.38,540
-76.03,540
-76.68,540
-77.16,541
-77.79,541
-78.41,541
-78.88,541
-79.49,541
-79.94,541
-80.54,541
-81.27,542
-81.71,542
-82.28,542
-82.84,542
-83.26,542
-83.81,542
-84.35,543
-84.75,543
-85.28,543
-85.8,543
-86.18,543
-86.68,543
-87.18,544
-87.66,543
-88.14,543
-88.49,543
-88.95,543
-89.41,544
-89.74,543
-90.18,543
-90.6,544
-90.92,544
-91.33,543
-91.83,544
-92.13,544
-92.51,543
-92.89,544
-93.16,544
-93.52,544
-93.87,545
-94.12,545
-94.46,545
-94.78,545
-95.02,545
-95.33,545
-95.62,545
-95.91,546
-96.19,546
-96.39,546
-96.65,546
-96.9,546
-97.09,546
-97.32,546
-97.55,546
-97.71,546
-97.92,546
-98.11,546
-98.3,546
-98.48,546
-98.61,546
-98.77,547
-98.92,547
-99.03,547
-99.16,547
-99.29,547
-99.37,547
-99.48,547
-99.55,547
-99.66,547
-99.74,547
-99.79,547
-99.85,547
-99.9,547
-99.93,547
-99.96,547
-99.99,547
-100,547
-100,548
-99.99,549
-99.98,549
-99.95,549
-99.93,548
-99.88,548
-99.83,548
-99.79,548
-99.71,548
-99.63,548
-99.57,548
-99.47,548
-99.36,548
-99.24,548
-99.12,548
-98.98,548
-98.87,548
-98.71,547
-98.55,547
-98.42,547
-98.24,547
-98.05,547
-97.9,547
-97.69,547
-97.52,547
-97.24,547
-97,547
-96.82,547
-96.56,547
-96.3,547
-96.09,547
-95.81,547
-95.52,547
-95.29,547
-94.99,547
-94.75,547
-94.34,547
-94.01,547
-93.75,547
-93.39,547
-93.03,547
-92.75,547
-92.38,547
-91.99,547
-91.69,547
-91.29,547
-90.98,546
-90.56,546
-90.02,546
-89.69,546
-89.25,546
-88.79,546
-88.44,546
-87.97,546
-87.49,546
-87.13,546
-86.63,546
-86.13,546
-85.74,546
-85.09,546
-84.56,545
-84.16,546
-83.62,546
-83.07,546
-82.65,546
-82.08,546
-81.65,545
-81.07,546
-80.48,546
-80.03,546
-79.43,546
-78.66,545
-78.19,545
-77.57,545
-76.93,544
-76.45,544
-75.8,544
-75.15,543
-74.65,543
-73.98,543
-73.3,543
-72.79,542
-71.93,542
-71.23,542
-70.7,542
-69.99,541
-69.27,541
-68.73,541
-68,540
-67.45,540
-66.71,540
-65.96,539
-65.39,539
-64.44,539
-63.68,539
-63.1,538
-62.32,539
-61.53,540
-60.94,540
-60.14,539
-59.34,539
-58.73,539
-57.92,538
-57.1,538
-56.49,538
-55.45,537
-54.62,537
-53.99,537
-53.14,536
-52.29,536
-51.65,536
-50.79,535
-49.93,535
-49.28,535
-48.41,534
-47.53,534
-46.65,534
-45.76,534
-45.09,533
-44.2,533
-43.3,533
-42.62,533
-41.71,532
-40.8,532
-40.12,531
-39.2,531
-38.28,531
-37.58,531
-36.42,530
-35.49,531
-34.79,531
-33.85,531
-32.9,530
-32.19,530
-31.25,530
-30.29,530
-29.58,529
-28.62,529
-27.9,529
-26.7,528
-25.73,528
-25.01,528
-24.04,527
-23.07,527
-22.34,527
-21.36,526
-20.38,526
-19.65,526
-18.67,525
-17.68,525
-16.7,525
-15.71,524
-14.72,524
-13.98,524
-12.99,523
-12,523
-11.25,523
-10.26,522
-9.26,522
-8.52,522
-7.52,522
-6.77,522
-5.53,521
-4.53,521
-3.78,521
-2.78,520
-1.78,520
-1.03,520
-0.03,519
0.72,519
1.72,519
2.72,519
3.47,519
4.72,519
5.47,519
6.47,519
7.47,519
8.21,519
9.21,519
9.96,519
10.95,519
11.94,519
12.69,518
13.68,518
14.42,518
15.66,518
16.64,518
17.38,517
18.37,517
19.35,517
20.08,516
21.06,516
22.04,516
22.77,516
23.74,515
24.47,515
25.68,515
26.65,515
27.37,514
28.33,514
29.29,514
30,513
30.96,513
31.9,513
32.61,512
33.56,512
34.5,512
35.2,512
36.37,511
37.07,511
37.99,511
38.92,511
39.61,510
40.52,510
41.43,510
42.12,510
43.02,509
43.92,509
44.59,509
45.71,508
46.38,508
47.26,508
48.14,508
48.79,508
49.66,507
50.53,507
51.18,507
52.03,506
52.88,506
53.52,506
54.36,506
55.2,505
56.03,505
56.85,505
57.47,505
58.28,505
59.09,505
59.7,504
60.5,504
61.29,504
61.88,503
62.66,503
63.44,503
64.21,503
64.97,503
65.54,502
66.29,502
67.04,502
67.59,502
68.33,501
69.05,520
69.59,501
70.31,501
70.84,500
71.72,500
72.41,500
72.92,500
73.61,499
74.28,499
74.78,499
75.44,498
76.09,498
76.58,498
77.21,498
77.85,497
78.47,497
79.09,497
79.54,497
80.15,497
80.74,497
81.18,497
81.76,497
82.33,497
82.75,497
83.31,497
83.72,497
84.27,497
84.93,496
85.33,496
85.84,496
86.35,496
86.73,496
87.22,495
87.71,495
88.06,495
88.53,495
88.88,495
89.33,495
89.89,495
90.21,496
90.64,494
91.06,493
91.37,493
91.77,493
92.16,493
92.45,493
92.83,493
93.1,493
93.46,493
93.9,493
94.16,493
94.49,493
94.81,493
95.05,493
95.35,493
95.65,492
95.86,493
96.14,492
96.35,492
96.61,492
96.86,492
97.11,492
97.34,492
97.57,492
97.73,492
97.93,492
98.13,492
98.27,492
98.45,492
98.58,491
98.75,492
98.9,492
99.04,492
99.17,491
99.3,491
99.38,492
99.49,491
99.59,491
99.65,491
99.73,491
99.78,491
99.84,496
99.89,491
99.93,491
99.97,491
99.99,491
100,491
100,491
99.99,490
99.98,490
99.96,490
99.92,490
99.89,490
99.84,490
99.8,490
99.71,490
99.63,490
99.56,490
99.46,490
99.35,490
99.26,490
99.14,490
99,490
98.89,490
98.74,490
98.62,490
98.45,490
98.22,490
98.08,490
97.88,490
97.67,490
97.5,490
97.28,490
97.04,490
96.86,490
96.6,490
96.41,490
96.14,490
95.78,490
95.57,490
95.27,490
94.96,490
94.72,490
94.39,490
94.14,490
93.8,490
93.45,490
93.18,491
92.81,490
92.44,490
92.05,490
91.66,490
91.25,490
90.94,490
90.52,490
90.09,490
89.76,490
89.32,490
88.98,490
88.52,490
88.05,490
87.57,490
87.08,491
86.59,490
86.21,490
85.7,490
85.18,490
84.78,490
84.25,491
83.71,490
83.29,491
82.73,491
82.31,491
81.6,491
81.01,492
80.57,492
79.97,492
79.37,492
78.91,492
78.29,493
77.67,493
77.19,493
76.55,493
75.91,494
75.25,494
74.59,494
74.09,494
73.41,494
72.73,495
72.21,495
71.52,495
70.81,496
70.28,496
69.57,496
68.85,496
68.12,497
67.38,497
66.64,497
66.08,497
65.33,497
64.76,498
63.99,498
63.22,498
62.64,498
61.85,499
61.06,499
60.47,499
59.47,500
58.66,500
58.05,500
57.24,500
56.41,501
55.79,501
54.96,501
54.12,501
53.49,502
52.64,502
52,502
50.93,502
50.07,503
49.42,503
48.54,503
47.67,503
47.01,504
46.12,504
45.23,504
44.56,524
43.67,504
42.76,504
42.08,505
40.95,505
40.26,505
39.34,505
38.42,505
37.73,505
36.8,506
35.87,506
35.17,506
34.23,506
33.29,507
32.58,507
31.4,507
30.45,508
29.73,508
28.77,508
28.06,509
27.09,509
26.13,509
25.41,509
24.44,510
23.47,510
22.74,510
21.76,511
20.54,511
19.81,512
18.82,512
17.84,512
17.1,513
16.12,513
15.38,513
14.39,513
13.4,513
12.65,514
11.66,514
10.42,514
9.67,515
8.68,515
7.68,515
6.93,516
5.93,516
5.18,516
4.19,517
3.19,517
2.44,517
1.44,517
0.69,518
-0.56,518
-1.56,518
-2.31,518
-3.31,518
-4.31,518
-5.06,518
-6.06,518
-6.81,518
-7.8,518
-8.8,518
-9.55,518
-10.79,518
-11.54,519
-12.53,519
-13.52,519
-14.26,519
-15.25,520
-16.24,520
-16.98,520
-17.96,520
-18.95,521
-19.68,521
-20.91,521
-21.64,522
-22.62,522
-23.59,522
-24.32,523
-25.28,523
-26.25,523
-26.97,523
-27.94,524
-28.9,524
-29.61,524
-30.57,524
-31.75,525
-32.46,525
-33.41,525
-34.35,526
-35.05,526
-35.99,526
-36.69,527
-37.61,527
-38.54,527
-39.23,528
-40.15,528
-41.29,528
-41.97,528
-42.88,528
-43.78,529
-44.45,529
-45.34,529
-46.23,530
-46.9,530
-47.78,530
-48.44,530
-49.31,530
-50.18,530
-51.04,531
-51.9,531
-52.75,531
-53.38,531
-54.23,532
-55.06,532
-55.69,532
-56.52,532
-57.34,533
-57.95,533
-58.76,533
-59.77,533
-60.37,534
-61.16,534
-61.76,534
-62.54,534
-63.32,534
-63.89,535
-64.66,535
-65.42,535
-65.99,535
-66.73,535
-67.47,536
-68.21,536
-68.94,536
-69.66,536
-70.19,536
-70.9,537
-71.43,537
-72.13,537
-72.82,537
-73.33,537
-74,538
-74.67,538
-75.33,539
-75.99,540
-76.63,540
-77.11,540
-77.75,541
-78.37,541
-78.84,541
-79.45,542
-80.05,542
-80.5,542
-81.09,542
-81.52,542
-82.24,542
-82.81,542
-83.22,542
-83.77,543
-84.32,543
-84.72,543
-85.24,544
-85.76,544
-86.15,544
-86.65,544
-87.02,544
-87.63,544
-88.11,544
-88.46,545
-88.92,545
-89.37,545
-89.71,545
-90.15,545
-90.57,545
-90.89,545
-91.3,545
-91.71,546
-92.1,545
-92.48,545
-92.86,545
-93.14,545
-93.5,545
-93.76,545
-94.1,546
-94.44,546
-94.68,546
-95,546
-95.3,546
-95.53,546
-95.89,546
-96.17,546
-96.37,547
-96.63,547
-96.82,547
-97.07,547
-97.31,547
-97.48,547
-97.69,547
-97.9,547
-98.05,547
-98.29,547
-98.47,547
-98.6,547
-98.76,547
-98.87,548
-99.02,548
-99.15,547
-99.25,547
-99.37,547
-99.47,547
-99.55,547
-99.64,547
-99.74,548
-99.79,547
-99.85,547
-99.9,547
-99.93,547
-99.96,547
-99.98,547
-99.99,547
-100,547
-100,547
-99.98,547
-99.96,546
-99.93,546
-99.89,546
-99.84,546
-99.79,546
-99.72,547
-99.64,547
-99.57,547
-99.48,547
-99.37,547
-99.28,547
-99.16,548
-98.99,548
-98.88,548
-98.73,548
-98.56,548
-98.43,548
-98.25,548
-98.11,548
-97.91,548
-97.7,549
-97.54,549
-97.31,549
-97.02,549
-96.83,548
-96.58,548
-96.31,548
-96.11,548
-95.83,548
-95.54,548
-95.31,548
-95.01,548
-94.77,548
-94.45,548
-94.03,548
-93.77,548
-93.42,548
-93.06,548
-92.78,548
-92.4,548
-92.01,548
-91.72,548
-91.32,548
-90.9,548
-90.59,548
-90.16,548
-89.72,548
-89.28,548
-88.82,547
-88.48,547
-88,547
-87.53,546
-87.16,546
-86.67,546
-86.16,546
-85.78,545
-85.26,545
-84.6,545
-84.2,545
-83.66,544
-83.1,545
-82.68,545
-82.12,545
-81.54,545
-81.11,544
-80.52,545
-79.92,545
-79.47,545
-78.86,545
-78.08,545
-77.61,545
-76.98,545
-76.49,544
-75.85,544
-75.19,544
-74.7,544
-74.03,544
-73.35,544
-72.84,543
-72.15,543
-71.28,542
-70.75,542
-70.04,542
-69.32,542
-68.78,541
-68.05,541
-67.32,541
-66.76,540
-66.01,540
-65.26,540
-64.69,540
-63.73,539
-63.15,539
-62.37,539
-61.59,538
-60.99,538
-60.2,538
-59.4,537
-58.79,537
-57.98,537
-57.16,537
-56.54,537
-55.72,537
-54.67,537
-54.04,536
-53.2,537
-52.35,537
-51.71,537
-50.85,536
-49.99,536
-49.34,536
-48.47,535
-47.59,535
-46.93,535
-45.82,535
-45.15,534
-44.26,534
-43.36,534
-42.68,533
-41.77,533
-40.86,532
-40.18,532
-39.26,532
-38.34,532
-37.65,531
-36.72,531
-35.55,531
-34.85,530
-33.91,530
-32.97,530
-32.26,529
-31.31,529
-30.36,529
-29.64,529
-28.69,528
-27.97,528
-27.01,527
-25.8,527
-25.08,527
-24.11,527
-23.13,527
-22.4,526
-21.43,526
-20.45,526
-19.72,526
-18.74,526
-17.75,525
-17.01,525
-16.03,525
-14.79,525
-14.05,525
-13.06,524
-12.07,524
-11.32,524
-10.33,523
-9.58,523
-8.59,522
-7.59,522
-6.84,522
-5.84,521
-4.59,521
-3.85,521
-2.85,520
-1.85,520
-1.1,520
-0.1,520
0.65,519
1.65,519
2.65,519
3.4,519
4.4,519
5.15,519
6.4,519
7.15,519
8.14,519
9.14,519
9.89,519
10.88,519
11.63,519
12.62,519
13.61,518
14.35,518
15.34,518
16.58,517
17.32,517
18.3,517
19.28,517
20.02,516
21,516
21.97,516
22.7,515
23.68,515
24.4,515
25.37,515
26.58,514
27.3,514
28.26,513
29.22,513
29.94,513
30.89,513
31.84,512
32.55,512
33.49,512
34.2,511
35.14,511
36.07,511
37,511
37.93,510
38.85,510
39.54,510
40.46,509
41.37,509
42.05,509
42.96,508
43.63,508
44.53,508
45.43,508
46.09,507
47.2,507
48.08,507
48.73,506
49.6,506
50.47,506
51.12,505
51.97,505
52.61,505
53.46,505
54.3,505
54.93,504
55.97,504
56.8,504
57.41,504
58.23,503
59.04,503
59.64,503
60.44,502
61.04,502
61.83,502
62.61,502
63.19,502
64.16,501
64.92,501
65.49,501
66.24,501
66.99,500
67.54,500
68.28,500
68.82,500
69.54,499
70.26,500
70.79,499
71.49,499
72.36,499
72.88,499
73.56,498
74.23,498
74.73,498
75.39,498
76.05,497
76.53,497
77.17,497
77.65,497
78.27,496
79.04,497
79.5,496
80.1,496
80.7,496
81.14,496
81.72,496
82.29,496
82.72,496
83.27,495
83.82,495
84.23,495
84.76,495
85.29,495
85.81,494
86.32,494
86.69,494
87.19,494
87.67,494
88.03,494
88.5,494
88.96,493
89.3,494
89.75,493
90.19,493
90.61,493
91.03,493
91.34,493
91.74,492
92.13,493
92.42,493
92.8,493
93.17,493
93.44,492
93.79,492
94.22,492
94.47,492
94.79,492
95.03,491
95.33,492
95.63,492
95.85,491
96.13,491
96.4,491
96.59,491
96.85,491
97.03,491
97.33,491
97.55,491
97.71,491
97.92,491
98.12,491
98.26,491
98.44,490
98.61,490
98.73,490
98.89,490
99,490
99.13,490
99.29,490
99.38,490
99.48,490
99.58,489
99.65,489
99.72,489
99.79,489
99.84,489
99.89,489
99.92,489
99.96,489
99.99,489
100,489
100,489
99.99,489
99.98,489
99.96,489
99.93,489
99.9,489
99.84,489
99.8,489
99.73,489
99.63,490
99.57,490
99.47,490
99.36,490
99.27,490
99.15,490
99.01,490
98.9,490
98.75,490
98.63,490
98.46,490
98.28,490
98.09,490
97.89,490
97.68,490
97.52,490
97.29,490
97.06,490
96.87,489
96.62,490
96.36,490
96.15,490
95.87,490
95.59,490
95.29,490
94.98,490
94.74,490
94.42,490
94.08,490
93.83,490
93.48,490
93.21,490
92.84,490
92.46,490
92.17,490
91.68,490
91.28,490
90.97,490
90.55,490
90.12,490
89.79,490
89.35,490
89.01,490
88.55,490
88.08,490
87.72,490
87.12,490
86.62,491
86.24,491
85.73,491
85.21,491
84.82,492
84.29,492
83.74,492
83.33,492
82.77,492
82.35,492
81.78,493
81.05,493
80.61,493
80.02,493
79.41,493
78.95,493
78.34,494
77.71,494
77.24,494
76.6,495
75.95,495
75.46,495
74.63,495
74.13,495
73.46,496
72.78,496
72.26,496
71.57,496
70.86,497
70.33,497
69.62,497
68.9,497
68.35,497
67.62,498
66.69,497
66.13,497
65.38,497
64.62,498
64.04,497
63.27,497
62.69,498
61.91,497
61.12,498
60.52,498
59.72,498
58.72,498
58.11,499
57.29,499
56.47,499
55.85,500
55.02,500
54.18,500
53.55,500
52.7,501
51.85,501
51.2,501
50.13,502
49.26,502
48.6,502
47.73,503
47.07,503
46.18,503
45.29,504
44.62,504
43.73,504
42.82,504
42.15,505
41.24,505
40.1,505
39.41,506
38.49,506
37.56,506
36.87,506
35.93,507
35.23,507
34.29,507
33.35,507
32.65,508
31.7,508
30.51,508
29.8,509
28.84,509
27.88,509
27.16,510
26.2,510
25.23,510
24.5,510
23.53,511
22.8,511
21.83,511
20.85,512
19.87,512
18.89,512
17.91,512
17.17,513
16.18,513
15.2,513
14.46,513
13.46,513
12.47,514
11.73,514
10.73,514
9.74,515
8.74,515
7.75,516
7,516
6,516
5,516
4.25,517
3.26,517
2.51,517
1.51,517
0.51,518
-0.24,518
-1.49,518
-2.24,518
-3.24,518
-4.24,518
-4.99,518
-5.99,518
-6.74,518
-7.74,518
-8.73,518
-9.48,518
-10.47,518
-11.47,518
-12.46,519
-13.45,519
-14.2,519
-15.18,520
-16.17,520
-16.91,520
-17.9,520
-18.88,521
-19.62,521
-20.6,521
-21.57,521
-22.55,522
-23.52,522
-24.49,522
-25.22,523
-26.19,523
-26.91,523
-27.87,524
-28.83,524
-29.55,524
-30.5,525
-31.45,525
-32.4,525
-33.34,525
-34.28,526
-34.99,526
-35.92,526
-36.85,526
-37.55,527
-38.48,527
-39.4,527
-40.08,527
-41,528
-41.68,528
-42.81,528
-43.72,529
-44.39,529
-45.28,529
-46.17,530
-46.84,530
-47.72,530
-48.59,530
-49.25,530
-50.12,531
-50.76,531
-51.84,531
-52.69,532
-53.33,532
-54.17,532
-55.01,532
-55.63,532
-56.46,533
-57.28,533
-57.9,533
-58.71,533
-59.51,533
-60.31,534
-61.11,534
-61.9,534
-62.49,535
-63.26,534
-63.84,535
-64.61,535
-65.37,535
-65.93,535
-66.68,535
-67.42,536
-67.98,536
-68.89,536
-69.61,536
-70.15,536
-70.86,537
-71.56,537
-72.08,537
-72.77,537
-73.28,537
-73.96,538
-74.63,538
-75.12,538
-75.94,539
-76.59,540
-77.07,540
-77.7,541
-78.33,541
-78.79,541
-79.4,542
-80.01,542
-80.46,542
-81.05,542
-81.63,542
-82.06,543
-82.77,543
-83.19,543
-83.74,543
-84.28,543
-84.68,544
-85.21,544
-85.73,544
-86.11,544
-86.61,544
-87.11,544
-87.48,544
-88.07,544
-88.54,544
-88.89,545
-89.34,544
-89.79,545
-90.12,545
-90.55,545
-90.86,545
-91.27,545
-91.68,545
-91.97,545
-92.36,545
-92.83,545
-93.11,545
-93.47,545
-93.82,546
-94.08,546
-94.41,546
-94.66,546
-94.98,546
-95.28,546
-95.51,546
-95.8,547
-96.15,546
-96.35,546
-96.62,546
-96.87,547
-97.05,546
-97.29,546
-97.52,546
-97.68,546
-97.89,546
-98.04,546
-98.23,547
-98.46,546
-98.59,547
-98.75,546
-98.9,546
-99.01,546
-99.15,546
-99.27,546
-99.36,546
-99.47,546
-99.56,546
-99.63,547
-99.71,546
-99.8,546
-99.84,546
-99.89,546
-99.93,546
-99.96,546
-99.98,546
-99.99,546
-100,546
-100,546
-99.99,547
-99.96,547
-99.92,548
-99.89,548
-99.84,548
-99.78,548
-99.73,548
-99.65,549
-99.56,549
-99.48,549
-99.38,549
-99.26,548
-99.17,548
-99.03,548
-98.85,548
-98.74,548
-98.57,548
-98.44,548
-98.26,548
-98.07,548
-97.92,548
-97.72,548
-97.5,548
-97.33,548
-97.09,548
-96.79,548
-96.6,548
-96.33,548
-96.13,548
-95.85,548
-95.56,548
-95.34,548
-95.03,548
-94.71,548
-94.47,548
-94.14,548
-93.71,548
-93.44,548
-93.08,548
-92.81,548
-92.43,548
-92.04,547
-91.75,547
-91.34,547
-90.93,547
-90.62,547
-90.19,547
-89.75,547
-89.31,547
-88.85,547
-88.39,546
-88.04,546
-87.56,546
-87.07,546
-86.7,545
-86.2,545
-85.69,545
-85.3,545
-84.77,545
-84.37,560
-83.69,545
-83.14,545
-82.72,545
-82.16,545
-81.58,545
-81.15,545
-80.56,545
-79.96,545
-79.51,545
-78.9,545
-78.28,544
-77.65,545
-77.02,545
-76.38,544
-75.89,544
-75.24,544
-74.57,544
-74.07,544
-73.4,543
-72.89,543
-72.2,543
-71.5,542
-70.8,542
-70.09,542
-69.37,542
-68.83,541
-68.1,541
-67.37,540
-66.81,540
-66.06,540
-65.31,540
-64.74,540
-63.97,539
-63.2,539
-62.42,538
-61.64,538
-60.85,538
-60.25,537
-59.45,537
-58.64,537
-58.03,537
-57.22,537
-56.6,537
-55.77,537
-54.94,537
-54.1,536
-53.26,537
-52.41,537
-51.77,537
-50.91,537
-50.05,536
-49.4,536
-48.52,535
-47.65,535
-46.99,535
-46.1,534
-44.99,534
-44.32,534
-43.42,534
-42.52,533
-41.84,533
-40.93,533
-40.24,532
-39.32,532
-38.4,532
-37.71,531
-36.78,531
-35.85,531
-34.91,530
-33.98,530
-33.03,530
-32.32,529
-31.38,529
-30.43,529
-29.71,528
-28.75,528
-27.79,528
-27.07,528
-26.11,527
-24.9,527
-24.17,527
-23.2,526
-22.23,526
-21.5,526
-20.52,526
-19.78,525
-18.8,526
-17.82,525
-17.08,525
-16.1,525
-15.11,525
-14.12,524
-13.13,524
-12.14,524
-11.39,523
-10.4,523
-9.4,522
-8.65,522
-7.66,522
-6.66,522
-5.91,521
-4.91,521
-3.91,521
-2.91,520
-1.92,520
-1.17,520
-0.17,519
0.84,519
1.59,519
2.58,519
3.33,519
4.33,519
5.33,519
6.08,519
7.33,519
8.08,519
9.07,519
9.82,519
10.81,519
11.81,519
12.55,519
13.54,518
14.53,518
15.27,518
16.26,517
17.49,517
18.23,517
19.21,517
20.2,516
20.93,516
21.91,516
22.64,515
23.61,515
24.58,515
25.31,515
26.27,514
27.24,514
28.2,514
29.16,513
30.11,513
30.82,513
31.77,512
32.72,512
33.43,512
34.37,512
35.07,512
36.01,511
36.94,511
37.87,511
38.79,510
39.71,510
40.4,510
41.31,510
42.22,509
42.9,509
43.8,509
44.47,508
45.36,508
46.25,508
46.92,507
48.02,508
48.89,508
49.54,507
50.41,507
51.27,507
51.91,506
52.77,506
53.4,506
54.24,506
55.08,505
55.71,505
56.74,505
57.56,505
58.17,504
58.98,504
59.79,504
60.39,504
61.18,503
61.97,503
62.56,503
63.33,503
63.91,502
64.87,502
65.63,502
66.19,502
66.94,502
67.68,501
68.23,501
68.95,501
69.67,501
70.21,500
70.92,500
71.45,500
72.14,500
73,500
73.51,500
74.19,499
74.85,499
75.35,499
76,499
76.65,498
77.13,498
77.76,498
78.23,498
78.85,498
79.61,497
80.06,497
80.66,497
81.25,497
81.68,497
82.25,496
82.82,496
83.24,496
83.79,496
84.19,496
84.73,496
85.26,496
85.77,495
86.28,495
86.78,495
87.15,495
87.64,495
88.12,495
88.47,495
88.93,494
89.27,494
89.72,494
90.16,494
90.58,494
91,494
91.41,493
91.71,493
92.11,493
92.49,493
92.78,493
93.14,493
93.41,493
93.77,493
94.11,492
94.36,492
94.77,492
95.08,492
95.31,492
95.61,492
95.83,492
96.11,492
96.38,491
96.58,492
96.83,492
97.08,491
97.25,491
97.54,492
97.75,492
97.91,491
98.11,492
98.29,492
98.43,491
98.6,491
98.72,491
98.88,491
99.02,491
99.12,491
99.25,491
99.4,491
99.48,491
99.57,491
99.66,490
99.72,490
99.79,491
99.84,491
99.89,491
99.93,491
99.96,491
99.98,491
100,491
100,491
99.99,491
99.98,491
99.96,491
99.93,491
99.89,491
99.85,491
99.79,491
99.74,491
99.66,491
99.55,491
99.47,491
99.37,491
99.25,491
99.16,491
99.02,491
98.88,491
98.76,491
98.6,491
98.47,491
98.29,490
98.1,491
97.91,491
97.7,491
97.48,491
97.31,491
97.07,491
96.83,491
96.64,491
96.38,491
96.17,491
95.89,491
95.61,491
95.38,491
95,491
94.68,491
94.44,491
94.11,491
93.76,491
93.5,491
93.14,491
92.86,491
92.49,491
92.1,491
91.81,491
91.31,491
90.89,491
90.58,491
90.15,491
89.71,491
89.38,491
88.93,491
88.58,491
88.11,492
87.64,491
87.27,491
86.65,491
86.15,491
85.77,491
85.25,491
84.72,491
84.32,492
83.78,492
83.23,492
82.81,492
82.25,492
81.82,492
81.24,492
80.5,493
80.06,492
79.45,492
78.84,492
78.38,492
77.75,493
77.12,492
76.64,493
76,493
75.34,493
74.85,494
74.01,494
73.34,494
72.82,494
72.13,494
71.44,495
70.91,495
70.2,496
69.67,496
68.95,496
68.22,496
67.67,496
66.93,496
65.99,497
65.43,497
64.67,498
63.9,498
63.33,498
62.55,498
61.76,498
61.17,499
60.38,499
59.78,499
58.97,500
57.96,500
57.35,500
56.53,500
55.7,501
55.07,501
54.24,501
53.39,501
52.76,502
51.91,502
51.05,503
50.4,503
49.32,503
48.45,503
47.79,503
46.91,504
46.24,504
45.35,504
44.46,505
43.79,505
42.89,505
41.98,505
41.3,506
40.39,506
39.24,506
38.55,506
37.62,506
36.93,507
36,507
35.06,507
34.36,508
33.42,507
32.47,507
31.76,507
30.81,507
29.62,508
28.91,508
27.95,509
26.99,509
26.26,509
25.3,509
24.33,510
23.6,510
22.63,510
21.9,511
20.92,511
19.94,511
18.96,512
17.98,512
16.99,512
16.25,513
15.26,513
14.28,513
13.53,513
12.54,514
11.55,514
10.8,514
9.81,515
8.56,515
7.82,515
6.82,516
6.07,516
5.07,516
4.07,517
3.32,517
2.32,517
1.57,517
0.57,518
-0.43,518
-1.18,518
-2.43,518
-3.18,518
-4.17,518
-5.17,518
-5.92,518
-6.92,518
-7.67,518
-8.67,518
-9.66,518
-10.41,518
-11.4,518
-12.64,519
-13.39,519
-14.38,519
-15.12,520
-16.11,520
-17.09,520
-17.83,521
-18.81,521
-19.79,521
-20.53,521
-21.51,522
-22.48,522
-23.45,522
-24.43,522
-25.39,523
-26.12,523
-27.08,524
-28.04,524
-28.76,524
-29.72,524
-30.44,525
-31.39,525
-32.33,525
-33.28,525
-34.22,526
-35.16,526
-35.86,526
-36.79,527
-37.72,527
-38.41,527
-39.33,527
-40.25,527
-40.94,528
-41.85,528
-42.98,529
-43.65,529
-44.55,529
-45.22,529
-46.11,530
-47,530
-47.66,530
-48.53,530
-49.41,530